-- phpMyAdmin SQL Dump
-- version 3.5.2.2
-- http://www.phpmyadmin.net
--
-- Servidor: 127.0.0.1
-- Tiempo de generación: 29-08-2013 a las 05:31:49
-- Versión del servidor: 5.5.27
-- Versión de PHP: 5.4.7

SET SQL_MODE="NO_AUTO_VALUE_ON_ZERO";
SET time_zone = "+00:00";


/*!40101 SET @OLD_CHARACTER_SET_CLIENT=@@CHARACTER_SET_CLIENT */;
/*!40101 SET @OLD_CHARACTER_SET_RESULTS=@@CHARACTER_SET_RESULTS */;
/*!40101 SET @OLD_COLLATION_CONNECTION=@@COLLATION_CONNECTION */;
/*!40101 SET NAMES utf8 */;

--
-- Base de datos: `bd_seb`
--

-- --------------------------------------------------------

--
-- Estructura de tabla para la tabla `cita`
--

CREATE TABLE IF NOT EXISTS `cita` (
  `NU_Cita` int(11) NOT NULL,
  `evento_AF_CodEvento` varchar(6) NOT NULL,
  `FE_Fecha` date NOT NULL,
  `TI_Hora_Inicio` time NOT NULL,
  `TI_Hora_Final` time NOT NULL,
  `NU_Mesa` int(3) unsigned NOT NULL,
  `aprobada` int(1) DEFAULT NULL,
  PRIMARY KEY (`NU_Cita`),
  KEY `agenda_FKIndex1` (`evento_AF_CodEvento`)
) ENGINE=InnoDB DEFAULT CHARSET=utf8;

--
-- Volcado de datos para la tabla `cita`
--

INSERT INTO `cita` (`NU_Cita`, `evento_AF_CodEvento`, `FE_Fecha`, `TI_Hora_Inicio`, `TI_Hora_Final`, `NU_Mesa`, `aprobada`) VALUES
(3, 'E-1', '2013-08-02', '08:30:00', '09:00:00', 1, 1),
(4, 'E-1', '2013-08-02', '08:30:00', '09:00:00', 4, 1),
(5, 'E-1', '2013-07-31', '10:00:00', '10:30:00', 3, 1),
(6, 'E-1', '2013-07-30', '14:30:00', '15:00:00', 1, 1),
(7, 'E-1', '2013-08-02', '13:30:00', '14:00:00', 1, 1),
(8, 'E-1', '2013-07-31', '10:00:00', '10:30:00', 4, 1),
(9, 'E-1', '2013-08-01', '15:00:00', '15:30:00', 1, 1),
(10, 'E-1', '2013-07-30', '14:00:00', '14:30:00', 1, NULL),
(11, 'E-1', '2013-08-01', '10:00:00', '10:30:00', 1, 1),
(12, 'E-1', '2013-08-01', '10:00:00', '10:30:00', 2, 1),
(13, 'E-1', '2013-08-01', '14:00:00', '14:30:00', 1, NULL),
(55, 'E-2', '2013-08-29', '13:00:00', '13:00:00', 33, 1);

-- --------------------------------------------------------

--
-- Estructura de tabla para la tabla `cita_empresa`
--

CREATE TABLE IF NOT EXISTS `cita_empresa` (
  `cita_NU_Cita` int(11) NOT NULL,
  `empresa_AF_RIF` varchar(12) NOT NULL,
  `BI_Invita` varchar(12) DEFAULT NULL,
  KEY `cita_empresa_FKIndex1` (`empresa_AF_RIF`),
  KEY `cita_empresa_FKIndex2` (`cita_NU_Cita`)
) ENGINE=InnoDB DEFAULT CHARSET=utf8;

--
-- Volcado de datos para la tabla `cita_empresa`
--

INSERT INTO `cita_empresa` (`cita_NU_Cita`, `empresa_AF_RIF`, `BI_Invita`) VALUES
(3, 'J-22222-2', 'J-55555-5'),
(3, 'J-55555-5', '0'),
(4, 'J-12121-2', 'J-10101010'),
(4, 'J-10101010', '0'),
(5, 'J-12121-2', 'J-55555-5'),
(5, 'J-55555-5', '0'),
(6, 'J-22222-2', 'J-10101010'),
(6, 'J-10101010', '0'),
(7, 'J-22222-2', 'J-12121-2'),
(7, 'J-12121-2', '0'),
(8, 'J-22222-2', 'J-33333-3'),
(8, 'J-33333-3', '0'),
(9, 'J-33333-3', 'J-55555-5'),
(9, 'J-55555-5', '0'),
(10, 'J-99999-9', 'J-55555-5'),
(10, 'J-55555-5', '0'),
(11, 'J-99999-9', 'J-22222-2'),
(11, 'J-22222-2', '0'),
(12, 'J-12121-2', 'J-33333-3'),
(12, 'J-33333-3', '0'),
(13, 'J-12121-2', 'J-99999-9'),
(13, 'J-99999-9', '0');

-- --------------------------------------------------------

--
-- Estructura de tabla para la tabla `ciudad`
--

CREATE TABLE IF NOT EXISTS `ciudad` (
  `id` int(11) NOT NULL AUTO_INCREMENT,
  `AF_CodCiudad` varchar(6) NOT NULL,
  `pais_AL_CodPais` char(3) NOT NULL,
  `AL_Ciudad` varchar(60) DEFAULT NULL,
  PRIMARY KEY (`AF_CodCiudad`),
  UNIQUE KEY `id` (`id`),
  KEY `ciudad_FKIndex1` (`pais_AL_CodPais`)
) ENGINE=InnoDB  DEFAULT CHARSET=utf8 AUTO_INCREMENT=1044 ;

--
-- Volcado de datos para la tabla `ciudad`
--

INSERT INTO `ciudad` (`id`, `AF_CodCiudad`, `pais_AL_CodPais`, `AL_Ciudad`) VALUES
(1, '100', 'ARG', 'Paraná'),
(2, '101', 'ARG', 'Godoy Cruz'),
(3, '102', 'ARG', 'Posadas'),
(4, '103', 'ARG', 'Guaymallén'),
(5, '104', 'ARG', 'Santiago del Estero'),
(6, '105', 'ARG', 'San Salvador de Jujuy'),
(7, '106', 'ARG', 'Hurlingham'),
(8, '107', 'ARG', 'Neuquén'),
(9, '108', 'ARG', 'Ituzaingó'),
(10, '109', 'ARG', 'San Fernando'),
(11, '110', 'ARG', 'Formosa'),
(12, '111', 'ARG', 'Las Heras'),
(13, '112', 'ARG', 'La Rioja'),
(14, '113', 'ARG', 'San Fernando del Valle de Cata'),
(15, '114', 'ARG', 'Río Cuarto'),
(16, '115', 'ARG', 'Comodoro Rivadavia'),
(17, '116', 'ARG', 'Mendoza'),
(18, '117', 'ARG', 'San Nicolás de los Arroyos'),
(19, '118', 'ARG', 'San Juan'),
(20, '119', 'ARG', 'Escobar'),
(21, '120', 'ARG', 'Concordia'),
(22, '121', 'ARG', 'Pilar'),
(23, '122', 'ARG', 'San Luis'),
(24, '123', 'ARG', 'Ezeiza'),
(25, '124', 'ARG', 'San Rafael'),
(26, '125', 'ARG', 'Tandil'),
(27, '129', 'ABW', 'Oranjestad'),
(28, '1532', 'JPN', 'Tokyo'),
(29, '1533', 'JPN', 'Jokohama [Yokohama]'),
(30, '1534', 'JPN', 'Osaka'),
(31, '1535', 'JPN', 'Nagoya'),
(32, '1536', 'JPN', 'Sapporo'),
(33, '1537', 'JPN', 'Kioto'),
(34, '1538', 'JPN', 'Kobe'),
(35, '1539', 'JPN', 'Fukuoka'),
(36, '1540', 'JPN', 'Kawasaki'),
(37, '1541', 'JPN', 'Hiroshima'),
(38, '1542', 'JPN', 'Kitakyushu'),
(39, '1543', 'JPN', 'Sendai'),
(40, '1544', 'JPN', 'Chiba'),
(41, '1545', 'JPN', 'Sakai'),
(42, '1546', 'JPN', 'Kumamoto'),
(43, '1547', 'JPN', 'Okayama'),
(44, '1548', 'JPN', 'Sagamihara'),
(45, '1549', 'JPN', 'Hamamatsu'),
(46, '1550', 'JPN', 'Kagoshima'),
(47, '1551', 'JPN', 'Funabashi'),
(48, '1552', 'JPN', 'Higashiosaka'),
(49, '1553', 'JPN', 'Hachioji'),
(50, '1554', 'JPN', 'Niigata'),
(51, '1555', 'JPN', 'Amagasaki'),
(52, '1556', 'JPN', 'Himeji'),
(53, '1557', 'JPN', 'Shizuoka'),
(54, '1558', 'JPN', 'Urawa'),
(55, '1559', 'JPN', 'Matsuyama'),
(56, '1560', 'JPN', 'Matsudo'),
(57, '1561', 'JPN', 'Kanazawa'),
(58, '1562', 'JPN', 'Kawaguchi'),
(59, '1563', 'JPN', 'Ichikawa'),
(60, '1564', 'JPN', 'Omiya'),
(61, '1565', 'JPN', 'Utsunomiya'),
(62, '1566', 'JPN', 'Oita'),
(63, '1567', 'JPN', 'Nagasaki'),
(64, '1568', 'JPN', 'Yokosuka'),
(65, '1569', 'JPN', 'Kurashiki'),
(66, '1570', 'JPN', 'Gifu'),
(67, '1571', 'JPN', 'Hirakata'),
(68, '1572', 'JPN', 'Nishinomiya'),
(69, '1573', 'JPN', 'Toyonaka'),
(70, '1574', 'JPN', 'Wakayama'),
(71, '1575', 'JPN', 'Fukuyama'),
(72, '1576', 'JPN', 'Fujisawa'),
(73, '1577', 'JPN', 'Asahikawa'),
(74, '1578', 'JPN', 'Machida'),
(75, '1579', 'JPN', 'Nara'),
(76, '1580', 'JPN', 'Takatsuki'),
(77, '1581', 'JPN', 'Iwaki'),
(78, '1582', 'JPN', 'Nagano'),
(79, '1583', 'JPN', 'Toyohashi'),
(80, '1584', 'JPN', 'Toyota'),
(81, '1585', 'JPN', 'Suita'),
(82, '1586', 'JPN', 'Takamatsu'),
(83, '1587', 'JPN', 'Koriyama'),
(84, '1588', 'JPN', 'Okazaki'),
(85, '1589', 'JPN', 'Kawagoe'),
(86, '1590', 'JPN', 'Tokorozawa'),
(87, '1591', 'JPN', 'Toyama'),
(88, '1592', 'JPN', 'Kochi'),
(89, '1593', 'JPN', 'Kashiwa'),
(90, '1594', 'JPN', 'Akita'),
(91, '1595', 'JPN', 'Miyazaki'),
(92, '1596', 'JPN', 'Koshigaya'),
(93, '1597', 'JPN', 'Naha'),
(94, '1598', 'JPN', 'Aomori'),
(95, '1599', 'JPN', 'Hakodate'),
(96, '1600', 'JPN', 'Akashi'),
(97, '1601', 'JPN', 'Yokkaichi'),
(98, '1602', 'JPN', 'Fukushima'),
(99, '1603', 'JPN', 'Morioka'),
(100, '1604', 'JPN', 'Maebashi'),
(101, '1605', 'JPN', 'Kasugai'),
(102, '1606', 'JPN', 'Otsu'),
(103, '1607', 'JPN', 'Ichihara'),
(104, '1608', 'JPN', 'Yao'),
(105, '1609', 'JPN', 'Ichinomiya'),
(106, '1610', 'JPN', 'Tokushima'),
(107, '1611', 'JPN', 'Kakogawa'),
(108, '1612', 'JPN', 'Ibaraki'),
(109, '1613', 'JPN', 'Neyagawa'),
(110, '1614', 'JPN', 'Shimonoseki'),
(111, '1615', 'JPN', 'Yamagata'),
(112, '1616', 'JPN', 'Fukui'),
(113, '1617', 'JPN', 'Hiratsuka'),
(114, '1618', 'JPN', 'Mito'),
(115, '1619', 'JPN', 'Sasebo'),
(116, '1620', 'JPN', 'Hachinohe'),
(117, '1621', 'JPN', 'Takasaki'),
(118, '1622', 'JPN', 'Shimizu'),
(119, '1623', 'JPN', 'Kurume'),
(120, '1624', 'JPN', 'Fuji'),
(121, '1625', 'JPN', 'Soka'),
(122, '1626', 'JPN', 'Fuchu'),
(123, '1627', 'JPN', 'Chigasaki'),
(124, '1628', 'JPN', 'Atsugi'),
(125, '1629', 'JPN', 'Numazu'),
(126, '1630', 'JPN', 'Ageo'),
(127, '1631', 'JPN', 'Yamato'),
(128, '1632', 'JPN', 'Matsumoto'),
(129, '1633', 'JPN', 'Kure'),
(130, '1634', 'JPN', 'Takarazuka'),
(131, '1635', 'JPN', 'Kasukabe'),
(132, '1636', 'JPN', 'Chofu'),
(133, '1637', 'JPN', 'Odawara'),
(134, '1638', 'JPN', 'Kofu'),
(135, '1639', 'JPN', 'Kushiro'),
(136, '1640', 'JPN', 'Kishiwada'),
(137, '1641', 'JPN', 'Hitachi'),
(138, '1642', 'JPN', 'Nagaoka'),
(139, '1643', 'JPN', 'Itami'),
(140, '1644', 'JPN', 'Uji'),
(141, '1645', 'JPN', 'Suzuka'),
(142, '1646', 'JPN', 'Hirosaki'),
(143, '1647', 'JPN', 'Ube'),
(144, '1648', 'JPN', 'Kodaira'),
(145, '1649', 'JPN', 'Takaoka'),
(146, '1650', 'JPN', 'Obihiro'),
(147, '1651', 'JPN', 'Tomakomai'),
(148, '1652', 'JPN', 'Saga'),
(149, '1653', 'JPN', 'Sakura'),
(150, '1654', 'JPN', 'Kamakura'),
(151, '1655', 'JPN', 'Mitaka'),
(152, '1656', 'JPN', 'Izumi'),
(153, '1657', 'JPN', 'Hino'),
(154, '1658', 'JPN', 'Hadano'),
(155, '1659', 'JPN', 'Ashikaga'),
(156, '1660', 'JPN', 'Tsu'),
(157, '1661', 'JPN', 'Sayama'),
(158, '1662', 'JPN', 'Yachiyo'),
(159, '1663', 'JPN', 'Tsukuba'),
(160, '1664', 'JPN', 'Tachikawa'),
(161, '1665', 'JPN', 'Kumagaya'),
(162, '1666', 'JPN', 'Moriguchi'),
(163, '1667', 'JPN', 'Otaru'),
(164, '1668', 'JPN', 'Anjo'),
(165, '1669', 'JPN', 'Narashino'),
(166, '1670', 'JPN', 'Oyama'),
(167, '1671', 'JPN', 'Ogaki'),
(168, '1672', 'JPN', 'Matsue'),
(169, '1673', 'JPN', 'Kawanishi'),
(170, '1674', 'JPN', 'Hitachinaka'),
(171, '1675', 'JPN', 'Niiza'),
(172, '1676', 'JPN', 'Nagareyama'),
(173, '1677', 'JPN', 'Tottori'),
(174, '1678', 'JPN', 'Tama'),
(175, '1679', 'JPN', 'Iruma'),
(176, '1680', 'JPN', 'Ota'),
(177, '1681', 'JPN', 'Omuta'),
(178, '1682', 'JPN', 'Komaki'),
(179, '1683', 'JPN', 'Ome'),
(180, '1684', 'JPN', 'Kadoma'),
(181, '1685', 'JPN', 'Yamaguchi'),
(182, '1686', 'JPN', 'Higashimurayama'),
(183, '1687', 'JPN', 'Yonago'),
(184, '1688', 'JPN', 'Matsubara'),
(185, '1689', 'JPN', 'Musashino'),
(186, '1690', 'JPN', 'Tsuchiura'),
(187, '1691', 'JPN', 'Joetsu'),
(188, '1692', 'JPN', 'Miyakonojo'),
(189, '1693', 'JPN', 'Misato'),
(190, '1694', 'JPN', 'Kakamigahara'),
(191, '1695', 'JPN', 'Daito'),
(192, '1696', 'JPN', 'Seto'),
(193, '1697', 'JPN', 'Kariya'),
(194, '1698', 'JPN', 'Urayasu'),
(195, '1699', 'JPN', 'Beppu'),
(196, '1700', 'JPN', 'Niihama'),
(197, '1701', 'JPN', 'Minoo'),
(198, '1702', 'JPN', 'Fujieda'),
(199, '1703', 'JPN', 'Abiko'),
(200, '1704', 'JPN', 'Nobeoka'),
(201, '1705', 'JPN', 'Tondabayashi'),
(202, '1706', 'JPN', 'Ueda'),
(203, '1707', 'JPN', 'Kashihara'),
(204, '1708', 'JPN', 'Matsusaka'),
(205, '1709', 'JPN', 'Isesaki'),
(206, '1710', 'JPN', 'Zama'),
(207, '1711', 'JPN', 'Kisarazu'),
(208, '1712', 'JPN', 'Noda'),
(209, '1713', 'JPN', 'Ishinomaki'),
(210, '1714', 'JPN', 'Fujinomiya'),
(211, '1715', 'JPN', 'Kawachinagano'),
(212, '1716', 'JPN', 'Imabari'),
(213, '1717', 'JPN', 'Aizuwakamatsu'),
(214, '1718', 'JPN', 'Higashihiroshima'),
(215, '1719', 'JPN', 'Habikino'),
(216, '1720', 'JPN', 'Ebetsu'),
(217, '1721', 'JPN', 'Hofu'),
(218, '1722', 'JPN', 'Kiryu'),
(219, '1723', 'JPN', 'Okinawa'),
(220, '1724', 'JPN', 'Yaizu'),
(221, '1725', 'JPN', 'Toyokawa'),
(222, '1726', 'JPN', 'Ebina'),
(223, '1727', 'JPN', 'Asaka'),
(224, '1728', 'JPN', 'Higashikurume'),
(225, '1729', 'JPN', 'Ikoma'),
(226, '1730', 'JPN', 'Kitami'),
(227, '1731', 'JPN', 'Koganei'),
(228, '1732', 'JPN', 'Iwatsuki'),
(229, '1733', 'JPN', 'Mishima'),
(230, '1734', 'JPN', 'Handa'),
(231, '1735', 'JPN', 'Muroran'),
(232, '1736', 'JPN', 'Komatsu'),
(233, '1737', 'JPN', 'Yatsushiro'),
(234, '1738', 'JPN', 'Iida'),
(235, '1739', 'JPN', 'Tokuyama'),
(236, '1740', 'JPN', 'Kokubunji'),
(237, '1741', 'JPN', 'Akishima'),
(238, '1742', 'JPN', 'Iwakuni'),
(239, '1743', 'JPN', 'Kusatsu'),
(240, '1744', 'JPN', 'Kuwana'),
(241, '1745', 'JPN', 'Sanda'),
(242, '1746', 'JPN', 'Hikone'),
(243, '1747', 'JPN', 'Toda'),
(244, '1748', 'JPN', 'Tajimi'),
(245, '1749', 'JPN', 'Ikeda'),
(246, '1750', 'JPN', 'Fukaya'),
(247, '1751', 'JPN', 'Ise'),
(248, '1752', 'JPN', 'Sakata'),
(249, '1753', 'JPN', 'Kasuga'),
(250, '1754', 'JPN', 'Kamagaya'),
(251, '1755', 'JPN', 'Tsuruoka'),
(252, '1756', 'JPN', 'Hoya'),
(253, '1757', 'JPN', 'Nishio'),
(254, '1758', 'JPN', 'Tokai'),
(255, '1759', 'JPN', 'Inazawa'),
(256, '1760', 'JPN', 'Sakado'),
(257, '1761', 'JPN', 'Isehara'),
(258, '1762', 'JPN', 'Takasago'),
(259, '1763', 'JPN', 'Fujimi'),
(260, '1764', 'JPN', 'Urasoe'),
(261, '1765', 'JPN', 'Yonezawa'),
(262, '1766', 'JPN', 'Konan'),
(263, '1767', 'JPN', 'Yamatokoriyama'),
(264, '1768', 'JPN', 'Maizuru'),
(265, '1769', 'JPN', 'Onomichi'),
(266, '1770', 'JPN', 'Higashimatsuyama'),
(267, '1771', 'JPN', 'Kimitsu'),
(268, '1772', 'JPN', 'Isahaya'),
(269, '1773', 'JPN', 'Kanuma'),
(270, '1774', 'JPN', 'Izumisano'),
(271, '1775', 'JPN', 'Kameoka'),
(272, '1776', 'JPN', 'Mobara'),
(273, '1777', 'JPN', 'Narita'),
(274, '1778', 'JPN', 'Kashiwazaki'),
(275, '1779', 'JPN', 'Tsuyama'),
(276, '1810', 'CAN', 'Montréal'),
(277, '1811', 'CAN', 'Calgary'),
(278, '1812', 'CAN', 'Toronto'),
(279, '1813', 'CAN', 'North York'),
(280, '1814', 'CAN', 'Winnipeg'),
(281, '1815', 'CAN', 'Edmonton'),
(282, '1816', 'CAN', 'Mississauga'),
(283, '1817', 'CAN', 'Scarborough'),
(284, '1818', 'CAN', 'Vancouver'),
(285, '1819', 'CAN', 'Etobicoke'),
(286, '1820', 'CAN', 'London'),
(287, '1821', 'CAN', 'Hamilton'),
(288, '1822', 'CAN', 'Ottawa'),
(289, '1823', 'CAN', 'Laval'),
(290, '1824', 'CAN', 'Surrey'),
(291, '1825', 'CAN', 'Brampton'),
(292, '1826', 'CAN', 'Windsor'),
(293, '1827', 'CAN', 'Saskatoon'),
(294, '1828', 'CAN', 'Kitchener'),
(295, '1829', 'CAN', 'Markham'),
(296, '1830', 'CAN', 'Regina'),
(297, '1831', 'CAN', 'Burnaby'),
(298, '1832', 'CAN', 'Québec'),
(299, '1833', 'CAN', 'York'),
(300, '1834', 'CAN', 'Richmond'),
(301, '1835', 'CAN', 'Vaughan'),
(302, '1836', 'CAN', 'Burlington'),
(303, '1837', 'CAN', 'Oshawa'),
(304, '1838', 'CAN', 'Oakville'),
(305, '1839', 'CAN', 'Saint Catharines'),
(306, '1840', 'CAN', 'Longueuil'),
(307, '1841', 'CAN', 'Richmond Hill'),
(308, '1842', 'CAN', 'Thunder Bay'),
(309, '1843', 'CAN', 'Nepean'),
(310, '1844', 'CAN', 'Cape Breton'),
(311, '1845', 'CAN', 'East York'),
(312, '1846', 'CAN', 'Halifax'),
(313, '1847', 'CAN', 'Cambridge'),
(314, '1848', 'CAN', 'Gloucester'),
(315, '1849', 'CAN', 'Abbotsford'),
(316, '1850', 'CAN', 'Guelph'),
(317, '1851', 'CAN', 'Saint John´s'),
(318, '1852', 'CAN', 'Coquitlam'),
(319, '1853', 'CAN', 'Saanich'),
(320, '1854', 'CAN', 'Gatineau'),
(321, '1855', 'CAN', 'Delta'),
(322, '1856', 'CAN', 'Sudbury'),
(323, '1857', 'CAN', 'Kelowna'),
(324, '1858', 'CAN', 'Barrie'),
(325, '193', 'BOL', 'Santa Cruz de la Sierra'),
(326, '194', 'BOL', 'La Paz'),
(327, '195', 'BOL', 'El Alto'),
(328, '196', 'BOL', 'Cochabamba'),
(329, '197', 'BOL', 'Oruro'),
(330, '198', 'BOL', 'Sucre'),
(331, '199', 'BOL', 'Potosí'),
(332, '200', 'BOL', 'Tarija'),
(333, '206', 'BRA', 'São Paulo'),
(334, '207', 'BRA', 'Rio de Janeiro'),
(335, '208', 'BRA', 'Salvador'),
(336, '209', 'BRA', 'Belo Horizonte'),
(337, '210', 'BRA', 'Fortaleza'),
(338, '211', 'BRA', 'Brasília'),
(339, '212', 'BRA', 'Curitiba'),
(340, '213', 'BRA', 'Recife'),
(341, '214', 'BRA', 'Porto Alegre'),
(342, '215', 'BRA', 'Manaus'),
(343, '216', 'BRA', 'Belém'),
(344, '217', 'BRA', 'Guarulhos'),
(345, '218', 'BRA', 'Goiânia'),
(346, '219', 'BRA', 'Campinas'),
(347, '220', 'BRA', 'São Gonçalo'),
(348, '221', 'BRA', 'Nova Iguaçu'),
(349, '222', 'BRA', 'São Luís'),
(350, '223', 'BRA', 'Maceió'),
(351, '224', 'BRA', 'Duque de Caxias'),
(352, '225', 'BRA', 'São Bernardo do Campo'),
(353, '2257', 'COL', 'Santafé de Bogotá'),
(354, '2258', 'COL', 'Cali'),
(355, '2259', 'COL', 'Medellín'),
(356, '226', 'BRA', 'Teresina'),
(357, '2260', 'COL', 'Barranquilla'),
(358, '2261', 'COL', 'Cartagena'),
(359, '2262', 'COL', 'Cúcuta'),
(360, '2263', 'COL', 'Bucaramanga'),
(361, '2264', 'COL', 'Ibagué'),
(362, '2265', 'COL', 'Pereira'),
(363, '2266', 'COL', 'Santa Marta'),
(364, '2267', 'COL', 'Manizales'),
(365, '2268', 'COL', 'Bello'),
(366, '2269', 'COL', 'Pasto'),
(367, '227', 'BRA', 'Natal'),
(368, '2270', 'COL', 'Neiva'),
(369, '2271', 'COL', 'Soledad'),
(370, '2272', 'COL', 'Armenia'),
(371, '2273', 'COL', 'Villavicencio'),
(372, '2274', 'COL', 'Soacha'),
(373, '2275', 'COL', 'Valledupar'),
(374, '2276', 'COL', 'Montería'),
(375, '2277', 'COL', 'Itagüí'),
(376, '2278', 'COL', 'Palmira'),
(377, '2279', 'COL', 'Buenaventura'),
(378, '228', 'BRA', 'Osasco'),
(379, '2280', 'COL', 'Floridablanca'),
(380, '2281', 'COL', 'Sincelejo'),
(381, '2282', 'COL', 'Popayán'),
(382, '2283', 'COL', 'Barrancabermeja'),
(383, '2284', 'COL', 'Dos Quebradas'),
(384, '2285', 'COL', 'Tuluá'),
(385, '2286', 'COL', 'Envigado'),
(386, '2287', 'COL', 'Cartago'),
(387, '2288', 'COL', 'Girardot'),
(388, '2289', 'COL', 'Buga'),
(389, '229', 'BRA', 'Campo Grande'),
(390, '2290', 'COL', 'Tunja'),
(391, '2291', 'COL', 'Florencia'),
(392, '2292', 'COL', 'Maicao'),
(393, '2293', 'COL', 'Sogamoso'),
(394, '2294', 'COL', 'Giron'),
(395, '230', 'BRA', 'Santo André'),
(396, '231', 'BRA', 'João Pessoa'),
(397, '232', 'BRA', 'Jaboatão dos Guararapes'),
(398, '233', 'BRA', 'Contagem'),
(399, '234', 'BRA', 'São José dos Campos'),
(400, '235', 'BRA', 'Uberlândia'),
(401, '236', 'BRA', 'Feira de Santana'),
(402, '237', 'BRA', 'Ribeirão Preto'),
(403, '238', 'BRA', 'Sorocaba'),
(404, '239', 'BRA', 'Niterói'),
(405, '240', 'BRA', 'Cuiabá'),
(406, '241', 'BRA', 'Juiz de Fora'),
(407, '2413', 'CUB', 'La Habana'),
(408, '2414', 'CUB', 'Santiago de Cuba'),
(409, '2415', 'CUB', 'Camagüey'),
(410, '2416', 'CUB', 'Holguín'),
(411, '2417', 'CUB', 'Santa Clara'),
(412, '2418', 'CUB', 'Guantánamo'),
(413, '2419', 'CUB', 'Pinar del Río'),
(414, '242', 'BRA', 'Aracaju'),
(415, '2420', 'CUB', 'Bayamo'),
(416, '2421', 'CUB', 'Cienfuegos'),
(417, '2422', 'CUB', 'Victoria de las Tunas'),
(418, '2423', 'CUB', 'Matanzas'),
(419, '2424', 'CUB', 'Manzanillo'),
(420, '2425', 'CUB', 'Sancti-Spíritus'),
(421, '2426', 'CUB', 'Ciego de Ávila'),
(422, '243', 'BRA', 'São João de Meriti'),
(423, '244', 'BRA', 'Londrina'),
(424, '245', 'BRA', 'Joinville'),
(425, '246', 'BRA', 'Belford Roxo'),
(426, '247', 'BRA', 'Santos'),
(427, '248', 'BRA', 'Ananindeua'),
(428, '249', 'BRA', 'Campos dos Goytacazes'),
(429, '250', 'BRA', 'Mauá'),
(430, '251', 'BRA', 'Carapicuíba'),
(431, '2515', 'MEX', 'Ciudad de México'),
(432, '2516', 'MEX', 'Guadalajara'),
(433, '2517', 'MEX', 'Ecatepec de Morelos'),
(434, '2518', 'MEX', 'Puebla'),
(435, '2519', 'MEX', 'Nezahualcóyotl'),
(436, '252', 'BRA', 'Olinda'),
(437, '2520', 'MEX', 'Juárez'),
(438, '2521', 'MEX', 'Tijuana'),
(439, '2522', 'MEX', 'León'),
(440, '2523', 'MEX', 'Monterrey'),
(441, '2524', 'MEX', 'Zapopan'),
(442, '2525', 'MEX', 'Naucalpan de Juárez'),
(443, '2526', 'MEX', 'Mexicali'),
(444, '2527', 'MEX', 'Culiacán'),
(445, '2528', 'MEX', 'Acapulco de Juárez'),
(446, '2529', 'MEX', 'Tlalnepantla de Baz'),
(447, '253', 'BRA', 'Campina Grande'),
(448, '2530', 'MEX', 'Mérida'),
(449, '2531', 'MEX', 'Chihuahua'),
(450, '2532', 'MEX', 'San Luis Potosí'),
(451, '2533', 'MEX', 'Guadalupe'),
(452, '2534', 'MEX', 'Toluca'),
(453, '2535', 'MEX', 'Aguascalientes'),
(454, '2536', 'MEX', 'Querétaro'),
(455, '2537', 'MEX', 'Morelia'),
(456, '2538', 'MEX', 'Hermosillo'),
(457, '2539', 'MEX', 'Saltillo'),
(458, '254', 'BRA', 'São José do Rio Preto'),
(459, '2540', 'MEX', 'Torreón'),
(460, '2541', 'MEX', 'Centro (Villahermosa)'),
(461, '2542', 'MEX', 'San Nicolás de los Garza'),
(462, '2543', 'MEX', 'Durango'),
(463, '2544', 'MEX', 'Chimalhuacán'),
(464, '2545', 'MEX', 'Tlaquepaque'),
(465, '2546', 'MEX', 'Atizapán de Zaragoza'),
(466, '2547', 'MEX', 'Veracruz'),
(467, '2548', 'MEX', 'Cuautitlán Izcalli'),
(468, '2549', 'MEX', 'Irapuato'),
(469, '255', 'BRA', 'Caxias do Sul'),
(470, '2550', 'MEX', 'Tuxtla Gutiérrez'),
(471, '2551', 'MEX', 'Tultitlán'),
(472, '2552', 'MEX', 'Reynosa'),
(473, '2553', 'MEX', 'Benito Juárez'),
(474, '2554', 'MEX', 'Matamoros'),
(475, '2555', 'MEX', 'Xalapa'),
(476, '2556', 'MEX', 'Celaya'),
(477, '2557', 'MEX', 'Mazatlán'),
(478, '2558', 'MEX', 'Ensenada'),
(479, '2559', 'MEX', 'Ahome'),
(480, '256', 'BRA', 'Moji das Cruzes'),
(481, '2560', 'MEX', 'Cajeme'),
(482, '2561', 'MEX', 'Cuernavaca'),
(483, '2562', 'MEX', 'Tonalá'),
(484, '2563', 'MEX', 'Valle de Chalco Solidaridad'),
(485, '2564', 'MEX', 'Nuevo Laredo'),
(486, '2565', 'MEX', 'Tepic'),
(487, '2566', 'MEX', 'Tampico'),
(488, '2567', 'MEX', 'Ixtapaluca'),
(489, '2568', 'MEX', 'Apodaca'),
(490, '2569', 'MEX', 'Guasave'),
(491, '257', 'BRA', 'Diadema'),
(492, '2570', 'MEX', 'Gómez Palacio'),
(493, '2571', 'MEX', 'Tapachula'),
(494, '2572', 'MEX', 'Nicolás Romero'),
(495, '2573', 'MEX', 'Coatzacoalcos'),
(496, '2574', 'MEX', 'Uruapan'),
(497, '2575', 'MEX', 'Victoria'),
(498, '2576', 'MEX', 'Oaxaca de Juárez'),
(499, '2577', 'MEX', 'Coacalco de Berriozábal'),
(500, '2578', 'MEX', 'Pachuca de Soto'),
(501, '2579', 'MEX', 'General Escobedo'),
(502, '258', 'BRA', 'Aparecida de Goiânia'),
(503, '2580', 'MEX', 'Salamanca'),
(504, '2581', 'MEX', 'Santa Catarina'),
(505, '2582', 'MEX', 'Tehuacán'),
(506, '2583', 'MEX', 'Chalco'),
(507, '2584', 'MEX', 'Cárdenas'),
(508, '2585', 'MEX', 'Campeche'),
(509, '2586', 'MEX', 'La Paz'),
(510, '2587', 'MEX', 'Othón P. Blanco (Chetumal)'),
(511, '2588', 'MEX', 'Texcoco'),
(512, '2589', 'MEX', 'La Paz'),
(513, '259', 'BRA', 'Piracicaba'),
(514, '2590', 'MEX', 'Metepec'),
(515, '2591', 'MEX', 'Monclova'),
(516, '2592', 'MEX', 'Huixquilucan'),
(517, '2593', 'MEX', 'Chilpancingo de los Bravo'),
(518, '2594', 'MEX', 'Puerto Vallarta'),
(519, '2595', 'MEX', 'Fresnillo'),
(520, '2596', 'MEX', 'Ciudad Madero'),
(521, '2597', 'MEX', 'Soledad de Graciano Sánchez'),
(522, '2598', 'MEX', 'San Juan del Río'),
(523, '2599', 'MEX', 'San Felipe del Progreso'),
(524, '260', 'BRA', 'Cariacica'),
(525, '2600', 'MEX', 'Córdoba'),
(526, '2601', 'MEX', 'Tecámac'),
(527, '2602', 'MEX', 'Ocosingo'),
(528, '2603', 'MEX', 'Carmen'),
(529, '2604', 'MEX', 'Lázaro Cárdenas'),
(530, '2605', 'MEX', 'Jiutepec'),
(531, '2606', 'MEX', 'Papantla'),
(532, '2607', 'MEX', 'Comalcalco'),
(533, '2608', 'MEX', 'Zamora'),
(534, '2609', 'MEX', 'Nogales'),
(535, '261', 'BRA', 'Vila Velha'),
(536, '2610', 'MEX', 'Huimanguillo'),
(537, '2611', 'MEX', 'Cuautla'),
(538, '2612', 'MEX', 'Minatitlán'),
(539, '2613', 'MEX', 'Poza Rica de Hidalgo'),
(540, '2614', 'MEX', 'Ciudad Valles'),
(541, '2615', 'MEX', 'Navolato'),
(542, '2616', 'MEX', 'San Luis Río Colorado'),
(543, '2617', 'MEX', 'Pénjamo'),
(544, '2618', 'MEX', 'San Andrés Tuxtla'),
(545, '2619', 'MEX', 'Guanajuato'),
(546, '262', 'BRA', 'Pelotas'),
(547, '2620', 'MEX', 'Navojoa'),
(548, '2621', 'MEX', 'Zitácuaro'),
(549, '2622', 'MEX', 'Boca del Río'),
(550, '2623', 'MEX', 'Allende'),
(551, '2624', 'MEX', 'Silao'),
(552, '2625', 'MEX', 'Macuspana'),
(553, '2626', 'MEX', 'San Juan Bautista Tuxtepec'),
(554, '2627', 'MEX', 'San Cristóbal de las Casas'),
(555, '2628', 'MEX', 'Valle de Santiago'),
(556, '2629', 'MEX', 'Guaymas'),
(557, '263', 'BRA', 'Bauru'),
(558, '2630', 'MEX', 'Colima'),
(559, '2631', 'MEX', 'Dolores Hidalgo'),
(560, '2632', 'MEX', 'Lagos de Moreno'),
(561, '2633', 'MEX', 'Piedras Negras'),
(562, '2634', 'MEX', 'Altamira'),
(563, '2635', 'MEX', 'Túxpam'),
(564, '2636', 'MEX', 'San Pedro Garza García'),
(565, '2637', 'MEX', 'Cuauhtémoc'),
(566, '2638', 'MEX', 'Manzanillo'),
(567, '2639', 'MEX', 'Iguala de la Independencia'),
(568, '264', 'BRA', 'Porto Velho'),
(569, '2640', 'MEX', 'Zacatecas'),
(570, '2641', 'MEX', 'Tlajomulco de Zúñiga'),
(571, '2642', 'MEX', 'Tulancingo de Bravo'),
(572, '2643', 'MEX', 'Zinacantepec'),
(573, '2644', 'MEX', 'San Martín Texmelucan'),
(574, '2645', 'MEX', 'Tepatitlán de Morelos'),
(575, '2646', 'MEX', 'Martínez de la Torre'),
(576, '2647', 'MEX', 'Orizaba'),
(577, '2648', 'MEX', 'Apatzingán'),
(578, '2649', 'MEX', 'Atlixco'),
(579, '265', 'BRA', 'Serra'),
(580, '2650', 'MEX', 'Delicias'),
(581, '2651', 'MEX', 'Ixtlahuaca'),
(582, '2652', 'MEX', 'El Mante'),
(583, '2653', 'MEX', 'Lerdo'),
(584, '2654', 'MEX', 'Almoloya de Juárez'),
(585, '2655', 'MEX', 'Acámbaro'),
(586, '2656', 'MEX', 'Acuña'),
(587, '2657', 'MEX', 'Guadalupe'),
(588, '2658', 'MEX', 'Huejutla de Reyes'),
(589, '2659', 'MEX', 'Hidalgo'),
(590, '266', 'BRA', 'Betim'),
(591, '2660', 'MEX', 'Los Cabos'),
(592, '2661', 'MEX', 'Comitán de Domínguez'),
(593, '2662', 'MEX', 'Cunduacán'),
(594, '2663', 'MEX', 'Río Bravo'),
(595, '2664', 'MEX', 'Temapache'),
(596, '2665', 'MEX', 'Chilapa de Alvarez'),
(597, '2666', 'MEX', 'Hidalgo del Parral'),
(598, '2667', 'MEX', 'San Francisco del Rincón'),
(599, '2668', 'MEX', 'Taxco de Alarcón'),
(600, '2669', 'MEX', 'Zumpango'),
(601, '267', 'BRA', 'Jundíaí'),
(602, '2670', 'MEX', 'San Pedro Cholula'),
(603, '2671', 'MEX', 'Lerma'),
(604, '2672', 'MEX', 'Tecomán'),
(605, '2673', 'MEX', 'Las Margaritas'),
(606, '2674', 'MEX', 'Cosoleacaque'),
(607, '2675', 'MEX', 'San Luis de la Paz'),
(608, '2676', 'MEX', 'José Azueta'),
(609, '2677', 'MEX', 'Santiago Ixcuintla'),
(610, '2678', 'MEX', 'San Felipe'),
(611, '2679', 'MEX', 'Tejupilco'),
(612, '268', 'BRA', 'Canoas'),
(613, '2680', 'MEX', 'Tantoyuca'),
(614, '2681', 'MEX', 'Salvatierra'),
(615, '2682', 'MEX', 'Tultepec'),
(616, '2683', 'MEX', 'Temixco'),
(617, '2684', 'MEX', 'Matamoros'),
(618, '2685', 'MEX', 'Pánuco'),
(619, '2686', 'MEX', 'El Fuerte'),
(620, '2687', 'MEX', 'Tierra Blanca'),
(621, '269', 'BRA', 'Franca'),
(622, '270', 'BRA', 'São Vicente'),
(623, '271', 'BRA', 'Maringá'),
(624, '272', 'BRA', 'Montes Claros'),
(625, '273', 'BRA', 'Anápolis'),
(626, '2734', 'NIC', 'Managua'),
(627, '2735', 'NIC', 'León'),
(628, '2736', 'NIC', 'Chinandega'),
(629, '2737', 'NIC', 'Masaya'),
(630, '274', 'BRA', 'Florianópolis'),
(631, '275', 'BRA', 'Petrópolis'),
(632, '276', 'BRA', 'Itaquaquecetuba'),
(633, '277', 'BRA', 'Vitória'),
(634, '278', 'BRA', 'Ponta Grossa'),
(635, '279', 'BRA', 'Rio Branco'),
(636, '280', 'BRA', 'Foz do Iguaçu'),
(637, '281', 'BRA', 'Macapá'),
(638, '282', 'BRA', 'Ilhéus'),
(639, '283', 'BRA', 'Vitória da Conquista'),
(640, '284', 'BRA', 'Uberaba'),
(641, '285', 'BRA', 'Paulista'),
(642, '286', 'BRA', 'Limeira'),
(643, '287', 'BRA', 'Blumenau'),
(644, '288', 'BRA', 'Caruaru'),
(645, '2882', 'PAN', 'Ciudad de Panamá'),
(646, '2883', 'PAN', 'San Miguelito'),
(647, '2885', 'PRY', 'Asunción'),
(648, '2886', 'PRY', 'Ciudad del Este'),
(649, '2887', 'PRY', 'San Lorenzo'),
(650, '2888', 'PRY', 'Lambaré'),
(651, '2889', 'PRY', 'Fernando de la Mora'),
(652, '289', 'BRA', 'Santarém'),
(653, '2890', 'PER', 'Lima'),
(654, '2891', 'PER', 'Arequipa'),
(655, '2892', 'PER', 'Trujillo'),
(656, '2893', 'PER', 'Chiclayo'),
(657, '2894', 'PER', 'Callao'),
(658, '2895', 'PER', 'Iquitos'),
(659, '2896', 'PER', 'Chimbote'),
(660, '2897', 'PER', 'Huancayo'),
(661, '2898', 'PER', 'Piura'),
(662, '2899', 'PER', 'Cusco'),
(663, '290', 'BRA', 'Volta Redonda'),
(664, '2900', 'PER', 'Pucallpa'),
(665, '2901', 'PER', 'Tacna'),
(666, '2902', 'PER', 'Ica'),
(667, '2903', 'PER', 'Sullana'),
(668, '2904', 'PER', 'Juliaca'),
(669, '2905', 'PER', 'Huánuco'),
(670, '2906', 'PER', 'Ayacucho'),
(671, '2907', 'PER', 'Chincha Alta'),
(672, '2908', 'PER', 'Cajamarca'),
(673, '2909', 'PER', 'Puno'),
(674, '291', 'BRA', 'Novo Hamburgo'),
(675, '2910', 'PER', 'Ventanilla'),
(676, '2911', 'PER', 'Castilla'),
(677, '2919', 'PRI', 'San Juan'),
(678, '292', 'BRA', 'Caucaia'),
(679, '2920', 'PRI', 'Bayamón'),
(680, '2921', 'PRI', 'Ponce'),
(681, '2922', 'PRI', 'Carolina'),
(682, '2923', 'PRI', 'Caguas'),
(683, '2924', 'PRI', 'Arecibo'),
(684, '2925', 'PRI', 'Guaynabo'),
(685, '2926', 'PRI', 'Mayagüez'),
(686, '2927', 'PRI', 'Toa Baja'),
(687, '293', 'BRA', 'Santa Maria'),
(688, '294', 'BRA', 'Cascavel'),
(689, '295', 'BRA', 'Guarujá'),
(690, '296', 'BRA', 'Ribeirão das Neves'),
(691, '297', 'BRA', 'Governador Valadares'),
(692, '298', 'BRA', 'Taubaté'),
(693, '299', 'BRA', 'Imperatriz'),
(694, '300', 'BRA', 'Gravataí'),
(695, '301', 'BRA', 'Embu'),
(696, '302', 'BRA', 'Mossoró'),
(697, '303', 'BRA', 'Várzea Grande'),
(698, '304', 'BRA', 'Petrolina'),
(699, '305', 'BRA', 'Barueri'),
(700, '306', 'BRA', 'Viamão'),
(701, '307', 'BRA', 'Ipatinga'),
(702, '308', 'BRA', 'Juazeiro'),
(703, '309', 'BRA', 'Juazeiro do Norte'),
(704, '310', 'BRA', 'Taboão da Serra'),
(705, '311', 'BRA', 'São José dos Pinhais'),
(706, '312', 'BRA', 'Magé'),
(707, '313', 'BRA', 'Suzano'),
(708, '314', 'BRA', 'São Leopoldo'),
(709, '315', 'BRA', 'Marília'),
(710, '316', 'BRA', 'São Carlos'),
(711, '317', 'BRA', 'Sumaré'),
(712, '318', 'BRA', 'Presidente Prudente'),
(713, '319', 'BRA', 'Divinópolis'),
(714, '320', 'BRA', 'Sete Lagoas'),
(715, '321', 'BRA', 'Rio Grande'),
(716, '322', 'BRA', 'Itabuna'),
(717, '323', 'BRA', 'Jequié'),
(718, '324', 'BRA', 'Arapiraca'),
(719, '325', 'BRA', 'Colombo'),
(720, '326', 'BRA', 'Americana'),
(721, '327', 'BRA', 'Alvorada'),
(722, '328', 'BRA', 'Araraquara'),
(723, '329', 'BRA', 'Itaboraí'),
(724, '330', 'BRA', 'Santa Bárbara d´Oeste'),
(725, '331', 'BRA', 'Nova Friburgo'),
(726, '332', 'BRA', 'Jacareí'),
(727, '333', 'BRA', 'Araçatuba'),
(728, '334', 'BRA', 'Barra Mansa'),
(729, '335', 'BRA', 'Praia Grande'),
(730, '336', 'BRA', 'Marabá'),
(731, '337', 'BRA', 'Criciúma'),
(732, '338', 'BRA', 'Boa Vista'),
(733, '339', 'BRA', 'Passo Fundo'),
(734, '340', 'BRA', 'Dourados'),
(735, '341', 'BRA', 'Santa Luzia'),
(736, '342', 'BRA', 'Rio Claro'),
(737, '343', 'BRA', 'Maracanaú'),
(738, '344', 'BRA', 'Guarapuava'),
(739, '345', 'BRA', 'Rondonópolis'),
(740, '346', 'BRA', 'São José'),
(741, '347', 'BRA', 'Cachoeiro de Itapemirim'),
(742, '348', 'BRA', 'Nilópolis'),
(743, '349', 'BRA', 'Itapevi'),
(744, '3492', 'URY', 'Montevideo'),
(745, '350', 'BRA', 'Cabo de Santo Agostinho'),
(746, '351', 'BRA', 'Camaçari'),
(747, '352', 'BRA', 'Sobral'),
(748, '353', 'BRA', 'Itajaí'),
(749, '3539', 'VEN', 'Caracas'),
(750, '354', 'BRA', 'Chapecó'),
(751, '3540', 'VEN', 'Maracaíbo'),
(752, '3541', 'VEN', 'Barquisimeto'),
(753, '3542', 'VEN', 'Valencia'),
(754, '3543', 'VEN', 'Ciudad Guayana'),
(755, '3544', 'VEN', 'Petare'),
(756, '3545', 'VEN', 'Maracay'),
(757, '3546', 'VEN', 'Barcelona'),
(758, '3547', 'VEN', 'Maturín'),
(759, '3548', 'VEN', 'San Cristóbal'),
(760, '3549', 'VEN', 'Ciudad Bolívar'),
(761, '355', 'BRA', 'Cotia'),
(762, '3550', 'VEN', 'Cumaná'),
(763, '3551', 'VEN', 'Mérida'),
(764, '3552', 'VEN', 'Cabimas'),
(765, '3553', 'VEN', 'Barinas'),
(766, '3554', 'VEN', 'Turmero'),
(767, '3555', 'VEN', 'Baruta'),
(768, '3556', 'VEN', 'Puerto Cabello'),
(769, '3557', 'VEN', 'Santa Ana de Coro'),
(770, '3558', 'VEN', 'Los Teques'),
(771, '3559', 'VEN', 'Punto Fijo'),
(772, '356', 'BRA', 'Lages'),
(773, '3560', 'VEN', 'Guarenas'),
(774, '3561', 'VEN', 'Acarigua'),
(775, '3562', 'VEN', 'Puerto La Cruz'),
(776, '3563', 'VEN', 'Ciudad Losada'),
(777, '3564', 'VEN', 'Guacara'),
(778, '3565', 'VEN', 'Valera'),
(779, '3566', 'VEN', 'Guanare'),
(780, '3567', 'VEN', 'Carúpano'),
(781, '3568', 'VEN', 'Catia La Mar'),
(782, '3569', 'VEN', 'El Tigre'),
(783, '357', 'BRA', 'Ferraz de Vasconcelos'),
(784, '3570', 'VEN', 'Guatire'),
(785, '3571', 'VEN', 'Calabozo'),
(786, '3572', 'VEN', 'Pozuelos'),
(787, '3573', 'VEN', 'Ciudad Ojeda'),
(788, '3574', 'VEN', 'Ocumare del Tuy'),
(789, '3575', 'VEN', 'Valle de la Pascua'),
(790, '3576', 'VEN', 'Araure'),
(791, '3577', 'VEN', 'San Fernando de Apure'),
(792, '3578', 'VEN', 'San Felipe'),
(793, '3579', 'VEN', 'El Limón'),
(794, '358', 'BRA', 'Indaiatuba'),
(795, '359', 'BRA', 'Hortolândia'),
(796, '360', 'BRA', 'Caxias'),
(797, '361', 'BRA', 'São Caetano do Sul'),
(798, '362', 'BRA', 'Itu'),
(799, '363', 'BRA', 'Nossa Senhora do Socorro'),
(800, '364', 'BRA', 'Parnaíba'),
(801, '365', 'BRA', 'Poços de Caldas'),
(802, '366', 'BRA', 'Teresópolis'),
(803, '367', 'BRA', 'Barreiras'),
(804, '368', 'BRA', 'Castanhal'),
(805, '369', 'BRA', 'Alagoinhas'),
(806, '370', 'BRA', 'Itapecerica da Serra'),
(807, '371', 'BRA', 'Uruguaiana'),
(808, '372', 'BRA', 'Paranaguá'),
(809, '373', 'BRA', 'Ibirité'),
(810, '374', 'BRA', 'Timon'),
(811, '375', 'BRA', 'Luziânia'),
(812, '376', 'BRA', 'Macaé'),
(813, '377', 'BRA', 'Teófilo Otoni'),
(814, '378', 'BRA', 'Moji-Guaçu'),
(815, '379', 'BRA', 'Palmas'),
(816, '380', 'BRA', 'Pindamonhangaba'),
(817, '381', 'BRA', 'Francisco Morato'),
(818, '382', 'BRA', 'Bagé'),
(819, '383', 'BRA', 'Sapucaia do Sul'),
(820, '384', 'BRA', 'Cabo Frio'),
(821, '385', 'BRA', 'Itapetininga'),
(822, '386', 'BRA', 'Patos de Minas'),
(823, '387', 'BRA', 'Camaragibe'),
(824, '388', 'BRA', 'Bragança Paulista'),
(825, '389', 'BRA', 'Queimados'),
(826, '390', 'BRA', 'Araguaína'),
(827, '391', 'BRA', 'Garanhuns'),
(828, '392', 'BRA', 'Vitória de Santo Antão'),
(829, '393', 'BRA', 'Santa Rita'),
(830, '394', 'BRA', 'Barbacena'),
(831, '395', 'BRA', 'Abaetetuba'),
(832, '396', 'BRA', 'Jaú'),
(833, '397', 'BRA', 'Lauro de Freitas'),
(834, '398', 'BRA', 'Franco da Rocha'),
(835, '399', 'BRA', 'Teixeira de Freitas'),
(836, '400', 'BRA', 'Varginha'),
(837, '401', 'BRA', 'Ribeirão Pires'),
(838, '402', 'BRA', 'Sabará'),
(839, '403', 'BRA', 'Catanduva'),
(840, '404', 'BRA', 'Rio Verde'),
(841, '405', 'BRA', 'Botucatu'),
(842, '406', 'BRA', 'Colatina'),
(843, '407', 'BRA', 'Santa Cruz do Sul'),
(844, '408', 'BRA', 'Linhares'),
(845, '409', 'BRA', 'Apucarana'),
(846, '410', 'BRA', 'Barretos'),
(847, '411', 'BRA', 'Guaratinguetá'),
(848, '412', 'BRA', 'Cachoeirinha'),
(849, '413', 'BRA', 'Codó'),
(850, '414', 'BRA', 'Jaraguá do Sul'),
(851, '415', 'BRA', 'Cubatão'),
(852, '416', 'BRA', 'Itabira'),
(853, '417', 'BRA', 'Itaituba'),
(854, '418', 'BRA', 'Araras'),
(855, '419', 'BRA', 'Resende'),
(856, '420', 'BRA', 'Atibaia'),
(857, '421', 'BRA', 'Pouso Alegre'),
(858, '422', 'BRA', 'Toledo'),
(859, '423', 'BRA', 'Crato'),
(860, '424', 'BRA', 'Passos'),
(861, '425', 'BRA', 'Araguari'),
(862, '426', 'BRA', 'São José de Ribamar'),
(863, '427', 'BRA', 'Pinhais'),
(864, '428', 'BRA', 'Sertãozinho'),
(865, '429', 'BRA', 'Conselheiro Lafaiete'),
(866, '430', 'BRA', 'Paulo Afonso'),
(867, '431', 'BRA', 'Angra dos Reis'),
(868, '432', 'BRA', 'Eunápolis'),
(869, '433', 'BRA', 'Salto'),
(870, '434', 'BRA', 'Ourinhos'),
(871, '435', 'BRA', 'Parnamirim'),
(872, '436', 'BRA', 'Jacobina'),
(873, '437', 'BRA', 'Coronel Fabriciano'),
(874, '438', 'BRA', 'Birigui'),
(875, '439', 'BRA', 'Tatuí'),
(876, '440', 'BRA', 'Ji-Paraná'),
(877, '441', 'BRA', 'Bacabal'),
(878, '442', 'BRA', 'Cametá'),
(879, '443', 'BRA', 'Guaíba'),
(880, '444', 'BRA', 'São Lourenço da Mata'),
(881, '445', 'BRA', 'Santana do Livramento'),
(882, '446', 'BRA', 'Votorantim'),
(883, '447', 'BRA', 'Campo Largo'),
(884, '448', 'BRA', 'Patos'),
(885, '449', 'BRA', 'Ituiutaba'),
(886, '450', 'BRA', 'Corumbá'),
(887, '451', 'BRA', 'Palhoça'),
(888, '452', 'BRA', 'Barra do Piraí'),
(889, '453', 'BRA', 'Bento Gonçalves'),
(890, '454', 'BRA', 'Poá'),
(891, '455', 'BRA', 'Águas Lindas de Goiás'),
(892, '554', 'CHL', 'Santiago de Chile'),
(893, '555', 'CHL', 'Puente Alto'),
(894, '556', 'CHL', 'Viña del Mar'),
(895, '557', 'CHL', 'Valparaíso'),
(896, '558', 'CHL', 'Talcahuano'),
(897, '559', 'CHL', 'Antofagasta'),
(898, '560', 'CHL', 'San Bernardo'),
(899, '561', 'CHL', 'Temuco'),
(900, '562', 'CHL', 'Concepción'),
(901, '563', 'CHL', 'Rancagua'),
(902, '564', 'CHL', 'Arica'),
(903, '565', 'CHL', 'Talca'),
(904, '566', 'CHL', 'Chillán'),
(905, '567', 'CHL', 'Iquique'),
(906, '568', 'CHL', 'Los Angeles'),
(907, '569', 'CHL', 'Puerto Montt'),
(908, '570', 'CHL', 'Coquimbo'),
(909, '571', 'CHL', 'Osorno'),
(910, '572', 'CHL', 'La Serena'),
(911, '573', 'CHL', 'Calama'),
(912, '574', 'CHL', 'Valdivia'),
(913, '575', 'CHL', 'Punta Arenas'),
(914, '576', 'CHL', 'Copiapó'),
(915, '577', 'CHL', 'Quilpué'),
(916, '578', 'CHL', 'Curicó'),
(917, '579', 'CHL', 'Ovalle'),
(918, '580', 'CHL', 'Coronel'),
(919, '581', 'CHL', 'San Pedro de la Paz'),
(920, '582', 'CHL', 'Melipilla'),
(921, '584', 'CRI', 'San José'),
(922, '587', 'DOM', 'Santo Domingo de Guzmán'),
(923, '588', 'DOM', 'Santiago de los Caballeros'),
(924, '589', 'DOM', 'La Romana'),
(925, '590', 'DOM', 'San Pedro de Macorís'),
(926, '591', 'DOM', 'San Francisco de Macorís'),
(927, '592', 'DOM', 'San Felipe de Puerto Plata'),
(928, '593', 'ECU', 'Guayaquil'),
(929, '594', 'ECU', 'Quito'),
(930, '595', 'ECU', 'Cuenca'),
(931, '596', 'ECU', 'Machala'),
(932, '597', 'ECU', 'Santo Domingo de los Colorados'),
(933, '598', 'ECU', 'Portoviejo'),
(934, '599', 'ECU', 'Ambato'),
(935, '600', 'ECU', 'Manta'),
(936, '601', 'ECU', 'Duran [Eloy Alfaro]'),
(937, '602', 'ECU', 'Ibarra'),
(938, '603', 'ECU', 'Quevedo'),
(939, '604', 'ECU', 'Milagro'),
(940, '605', 'ECU', 'Loja'),
(941, '606', 'ECU', 'Ríobamba'),
(942, '607', 'ECU', 'Esmeraldas'),
(943, '645', 'SLV', 'San Salvador'),
(944, '646', 'SLV', 'Santa Ana'),
(945, '647', 'SLV', 'Mejicanos'),
(946, '648', 'SLV', 'Soyapango'),
(947, '649', 'SLV', 'San Miguel'),
(948, '650', 'SLV', 'Nueva San Salvador'),
(949, '651', 'SLV', 'Apopa'),
(950, '653', 'ESP', 'Madrid'),
(951, '654', 'ESP', 'Barcelona'),
(952, '655', 'ESP', 'Valencia'),
(953, '656', 'ESP', 'Sevilla'),
(954, '657', 'ESP', 'Zaragoza'),
(955, '658', 'ESP', 'Málaga'),
(956, '659', 'ESP', 'Bilbao'),
(957, '660', 'ESP', 'Las Palmas de Gran Canaria'),
(958, '661', 'ESP', 'Murcia'),
(959, '662', 'ESP', 'Palma de Mallorca'),
(960, '663', 'ESP', 'Valladolid'),
(961, '664', 'ESP', 'Córdoba'),
(962, '665', 'ESP', 'Vigo'),
(963, '666', 'ESP', 'Alicante [Alacant]'),
(964, '667', 'ESP', 'Gijón'),
(965, '668', 'ESP', 'L´Hospitalet de Llobregat'),
(966, '669', 'ESP', 'Granada'),
(967, '670', 'ESP', 'A Coruña (La Coruña)'),
(968, '671', 'ESP', 'Vitoria-Gasteiz'),
(969, '672', 'ESP', 'Santa Cruz de Tenerife'),
(970, '673', 'ESP', 'Badalona'),
(971, '674', 'ESP', 'Oviedo'),
(972, '675', 'ESP', 'Móstoles'),
(973, '676', 'ESP', 'Elche [Elx]'),
(974, '677', 'ESP', 'Sabadell'),
(975, '678', 'ESP', 'Santander'),
(976, '679', 'ESP', 'Jerez de la Frontera'),
(977, '680', 'ESP', 'Pamplona [Iruña]'),
(978, '681', 'ESP', 'Donostia-San Sebastián'),
(979, '682', 'ESP', 'Cartagena'),
(980, '683', 'ESP', 'Leganés'),
(981, '684', 'ESP', 'Fuenlabrada'),
(982, '685', 'ESP', 'Almería'),
(983, '686', 'ESP', 'Terrassa'),
(984, '687', 'ESP', 'Alcalá de Henares'),
(985, '688', 'ESP', 'Burgos'),
(986, '689', 'ESP', 'Salamanca'),
(987, '69', 'ARG', 'Buenos Aires'),
(988, '690', 'ESP', 'Albacete'),
(989, '691', 'ESP', 'Getafe'),
(990, '692', 'ESP', 'Cádiz'),
(991, '693', 'ESP', 'Alcorcón'),
(992, '694', 'ESP', 'Huelva'),
(993, '695', 'ESP', 'León'),
(994, '696', 'ESP', 'Castellón de la Plana [Castell'),
(995, '697', 'ESP', 'Badajoz'),
(996, '698', 'ESP', '[San Cristóbal de] la Laguna'),
(997, '699', 'ESP', 'Logroño'),
(998, '70', 'ARG', 'La Matanza'),
(999, '700', 'ESP', 'Santa Coloma de Gramenet'),
(1000, '701', 'ESP', 'Tarragona'),
(1001, '702', 'ESP', 'Lleida (Lérida)'),
(1002, '703', 'ESP', 'Jaén'),
(1003, '704', 'ESP', 'Ourense (Orense)'),
(1004, '705', 'ESP', 'Mataró'),
(1005, '706', 'ESP', 'Algeciras'),
(1006, '707', 'ESP', 'Marbella'),
(1007, '708', 'ESP', 'Barakaldo'),
(1008, '709', 'ESP', 'Dos Hermanas'),
(1009, '71', 'ARG', 'Córdoba'),
(1010, '710', 'ESP', 'Santiago de Compostela'),
(1011, '711', 'ESP', 'Torrejón de Ardoz'),
(1012, '72', 'ARG', 'Rosario'),
(1013, '73', 'ARG', 'Lomas de Zamora'),
(1014, '74', 'ARG', 'Quilmes'),
(1015, '75', 'ARG', 'Almirante Brown'),
(1016, '76', 'ARG', 'La Plata'),
(1017, '77', 'ARG', 'Mar del Plata'),
(1018, '78', 'ARG', 'San Miguel de Tucumán'),
(1019, '79', 'ARG', 'Lanús'),
(1020, '80', 'ARG', 'Merlo'),
(1021, '81', 'ARG', 'General San Martín'),
(1022, '82', 'ARG', 'Salta'),
(1023, '83', 'ARG', 'Moreno'),
(1024, '84', 'ARG', 'Santa Fé'),
(1025, '85', 'ARG', 'Avellaneda'),
(1026, '86', 'ARG', 'Tres de Febrero'),
(1027, '87', 'ARG', 'Morón'),
(1028, '88', 'ARG', 'Florencio Varela'),
(1029, '89', 'ARG', 'San Isidro'),
(1030, '90', 'ARG', 'Tigre'),
(1031, '91', 'ARG', 'Malvinas Argentinas'),
(1032, '92', 'ARG', 'Vicente López'),
(1033, '928', 'GUY', 'Georgetown'),
(1034, '93', 'ARG', 'Berazategui'),
(1035, '933', 'HND', 'Tegucigalpa'),
(1036, '934', 'HND', 'San Pedro Sula'),
(1037, '935', 'HND', 'La Ceiba'),
(1038, '94', 'ARG', 'Corrientes'),
(1039, '95', 'ARG', 'San Miguel'),
(1040, '96', 'ARG', 'Bahía Blanca'),
(1041, '97', 'ARG', 'Esteban Echeverría'),
(1042, '98', 'ARG', 'Resistencia'),
(1043, '99', 'ARG', 'José C. Paz');

-- --------------------------------------------------------

--
-- Estructura de tabla para la tabla `cod_arancel`
--

CREATE TABLE IF NOT EXISTS `cod_arancel` (
  `id` int(11) NOT NULL AUTO_INCREMENT,
  `AL_CodArancel` varchar(6) NOT NULL,
  `AF_Arancel` longtext NOT NULL,
  `AL_ParentCod` varchar(6) DEFAULT NULL,
  PRIMARY KEY (`AL_CodArancel`),
  UNIQUE KEY `id` (`id`)
) ENGINE=InnoDB  DEFAULT CHARSET=utf8 AUTO_INCREMENT=501 ;

--
-- Volcado de datos para la tabla `cod_arancel`
--

INSERT INTO `cod_arancel` (`id`, `AL_CodArancel`, `AF_Arancel`, `AL_ParentCod`) VALUES
(1, '01', 'ANIMALES VIVOS', '0'),
(2, '0101', ' Caballos, asnos, mulos y burdéganos, vivos', '01'),
(3, '010110', 'Caballos y asnos, reproductores de raza pura', '0101'),
(4, '010190', 'Caballos, asnos, mulos y burdéganos, vivos (exc. reproductores de raza pura)', '0101'),
(5, '0102', ' Animales vivos de la especie bovina', '01'),
(6, '010210', 'Bovinos reproductores de raza pura', '0102'),
(7, '010290', 'Bovinos vivos (exc. reproductores de raza pura)', '0102'),
(8, '0103', ' Animales vivos de la especie porcina', '01'),
(9, '010310', 'Porcinos reproductores de raza pura', '0103'),
(10, '010391', 'Porcinos vivos, de peso < 50 kg (exc. reproductores de raza pura)', '0103'),
(11, '010392', 'Porcinos vivos de peso >= 50 kg (exc. reproductores de raza pura)', '0103'),
(12, '0104', ' Animales vivos de las especies ovina o caprina', '01'),
(13, '010410', 'Ovinos vivos', '0104'),
(14, '010420', 'Caprinos vivos', '0104'),
(15, '0105', ' Gallos, gallinas, patos, gansos, pavos (gallipavos) y pintadas, de las especies domésticas, vivos', '01'),
(16, '010511', 'Gallos y gallinas de las especies domésticas, vivos, de peso <= 185 g', '0105'),
(17, '010512', 'Pavos "gallipavos" de las especies domésticas, vivos, de peso <= 185 g', '0105'),
(18, '010519', 'Patos, gansos y pintadas de las especies domésticas, vivos, de peso <= 185 g', '0105'),
(19, '010592', 'Gallos y gallinas de las especies domésticas, vivos, de peso > 185 g pero <= 2 kg', '0105'),
(20, '010593', 'Gallos y gallinas de las especies domésticas, vivos, de peso > 2 kg', '0105'),
(21, '010599', 'Patos, gansos, pavos "gallipavos" y pintadas de las especies domésticas, vivos, de peso > 185 g', '0105'),
(22, '0106', ' Los demás animales vivos', '01'),
(23, '010611', 'Primates vivos', '0106'),
(24, '010612', 'Ballenas, delfines y marsopas "mamíferos del orden Cetáceos", manatíes y dugones o dugongos "mamíferos del orden Sirenios", vivos', '0106'),
(25, '010619', 'Mamíferos vivos (exc. primates, ballenas, delfines y marsopas "mamíferos del orden Cetáceos", manatíes y dugones o dugongos "mamíferos del orden Sirenios", caballos, asnos, mulos, burdéganos, bovinos, porcinos, ovinos y caprinos)', '0106'),
(26, '010620', 'Reptiles, incl. las serpientes y las tortugas de mar, vivos', '0106'),
(27, '010631', 'Aves de rapiña, vivas', '0106'),
(28, '010632', 'Psitaciformes, incl. los loros, guacamayos, cacatúas y demás papagayos', '0106'),
(29, '010639', 'Aves vivas (exc. aves de rapiña y psitaciformes, incl. los loros, guacamayos, cacatúas y demás papagayos)', '0106'),
(30, '010690', 'Animales vivos (exc. mamíferos, reptiles, aves, pescados, crustáceos, moluscos y otros invertebrados acuáticos, así como cultivos de microorganismos y similares)', '0106'),
(31, '02', 'CARNE Y DESPOJOS COMESTIBLES', '0'),
(32, '0201', ' Carne de animales de la especie bovina, fresca o refrigerada', '02'),
(33, '020110', 'Canales o medias canales, de bovinos, frescas o refrigeradas', '0201'),
(34, '020120', 'Cortes "trozos" de bovinos, sin deshuesar, frescos o refrigerados (exc. canales o medias canales)', '0201'),
(35, '020130', 'Carne deshuesada, de bovinos, fresca o refrigerada', '0201'),
(36, '0202', ' Carne de animales de la especie bovina, congelada', '02'),
(37, '020210', 'Canales o medias canales, de bovinos, congeladas', '0202'),
(38, '020220', 'Trozos de bovinos, sin deshuesar, congelados (exc. canales o medias canales)', '0202'),
(39, '020230', 'Carne deshuesada, de bovinos, congelada', '0202'),
(40, '0203', ' Carne de animales de la especie porcina, fresca, refrigerada o congelada', '02'),
(41, '020311', 'Canales o medias canales, de porcinos, frescas o refrigeradas', '0203'),
(42, '020312', 'Piernas, paletas, y sus trozos, sin deshuesar, de porcinos, frescos o refrigerados', '0203'),
(43, '020319', 'Carne de porcinos, fresca o refrigerada (exc. canales o medias canales, así como piernas, paletas y sus trozos, sin deshuesar)', '0203'),
(44, '020321', 'Canales o medias canales de porcinos, congeladas', '0203'),
(45, '020322', 'Piernas, paletas, y sus trozos, sin deshuesar, de porcinos, congelados', '0203'),
(46, '020329', 'Carne de porcinos, congelada (exc. canales o medias canales, así como piernas, paletas y sus trozos, sin deshuesar)', '0203'),
(47, '0204', ' Carne de animales de las especies ovina o caprina, fresca, refrigerada o congelada', '02'),
(48, '020410', 'Canales o medias canales de cordero, frescas o refrigeradas', '0204'),
(49, '020421', 'Canales o medias canales de ovinos, frescas o refrigeradas (exc. corderos)', '0204'),
(50, '020422', 'Cortes "trozos" de ovinos, sin deshuesar, frescos o refrigerados (exc. canales o medias canales)', '0204'),
(51, '020423', 'Carnes deshuesadas de ovinos, frescas o refrigeradas', '0204'),
(52, '020430', 'Canales o medias canales, de cordero, congeladas', '0204'),
(53, '020441', 'Canales o medias canales, de ovinos, congeladas (exc. corderos)', '0204'),
(54, '020442', 'Cortes "trozos" de ovinos, sin deshuesar, congelados (exc. canales o medias canales)', '0204'),
(55, '020443', 'Carnes deshuesadas de ovinos, congeladas', '0204'),
(56, '020450', 'Carne de caprinos, fresca, refrigerada o congelada', '0204'),
(57, '0205', ' Carne de animales de las especies caballar, asnal o mular, fresca, refrigerada o congelada', '02'),
(58, '020500', 'Carne de animales de las especies caballar, asnal o mular, fresca, refrigerada o congelada', '0205'),
(59, '0206', ' Despojos comestibles de animales de las especies bovina, porcina, ovina, caprina, caballar, asnal o mular, frescos, refrigerados o congelados', '02'),
(60, '020610', 'Despojos de bovinos, comestibles, frescos o refrigerados', '0206'),
(61, '020621', 'Lenguas de bovinos, comestibles, congeladas', '0206'),
(62, '020622', 'Hígados de bovinos, comestibles, congelados', '0206'),
(63, '020629', 'Despojos de bovinos, comestibles, congelados (exc. lenguas e hígados)', '0206'),
(64, '020630', 'Despojos de porcinos, comestibles, frescos o refrigerados', '0206'),
(65, '020641', 'Hígados de porcinos, comestibles, congelados', '0206'),
(66, '020649', 'Despojos de porcinos, comestibles, congelados (exc. hígados)', '0206'),
(67, '020680', 'Despojos de animales de las especies ovina, caprina, caballar, asnal o mular, comestibles, frescos o refrigerados', '0206'),
(68, '020690', 'Despojos de animales de las especies ovina, caprina, caballar, asnal o mular, comestibles, congelados', '0206'),
(69, '0207', ' Carne y despojos comestibles, de aves de la partida 0105, frescos, refrigerados o congelados', '02'),
(70, '020711', 'Gallos y gallinas de especies domésticas, sin trocear, frescos o refrigerados', '0207'),
(71, '020712', 'Gallos y gallinas de especies domésticas, sin trocear, congelados', '0207'),
(72, '020713', 'Trozos y despojos comestibles, de gallo o de gallina, de especies domésticas, frescos o refrigerados', '0207'),
(73, '020714', 'Trozos y despojos comestibles, de gallo o de gallina, de especies domésticas, congelados', '0207'),
(74, '020724', 'Pavos "gallipavos" de especies domésticas, sin trocear, frescos o refrigerados', '0207'),
(75, '020725', 'Pavos "gallipavos" de especies domésticas, sin trocear, congelados', '0207'),
(76, '020726', 'Trozos y despojos comestibles, de pavo "gallipavo", de especies domésticas, frescos o refrigerados', '0207'),
(77, '020727', 'Trozos y despojos comestibles, de pavo "gallipavo", de especies domésticas, congelados', '0207'),
(78, '020732', 'Patos, gansos o pintadas, de especies domésticas, sin trocear, frescos o refrigerados', '0207'),
(79, '020733', 'Patos, gansos o pintadas, de especies domésticas, sin trocear, congelados', '0207'),
(80, '020734', 'Hígados grasos de ganso o de pato, de especies domésticas, comestibles, frescos o refrigerados', '0207'),
(81, '020735', 'Trozos y despojos comestibles, de pato, de ganso o de pintada, de especies domésticas, frescos o refrigerados (exc. hígados grasos)', '0207'),
(82, '020736', 'Trozos y despojos comestibles, de pato, de ganso o de pintada, de especies domésticas, congelados', '0207'),
(83, '0208', ' Las demás carnes y despojos comestibles, frescos, refrigerados o congelados', '02'),
(84, '020810', 'Carne y despojos comestibles, de conejo o de liebre, frescos, refrigerados o congelados', '0208'),
(85, '020820', 'Ancas "patas" de rana, frescas, refrigeradas o congeladas', '0208'),
(86, '020830', 'Carne y despojos comestibles de primates, frescos, refrigerados o congelados', '0208'),
(87, '020840', 'Carne y despojos comestibles de ballenas, delfines y marsopas "mamíferos del orden Cetáceos", así como de manatíes y dugones o dugongos "mamíferos del orden Sirenios", frescos, refrigerados o congelados', '0208'),
(88, '020850', 'Carne y despojos comestibles de reptiles, incl. las serpientes y las tortugas de mar, frescos, refrigerados o congelados', '0208'),
(89, '020890', 'Carne y despojos comestibles, de paloma, de foca, de caza, de renos y demás animales, frescos, refrigerados o congelados (exc. de bovinos, porcinos, ovinos o caprinos; de animales de las especies caballar, asnal o mular; de gallos, gallinas, patos, gansos', '0208'),
(90, '0209', ' Tocino sin partes magras y grasa de cerdo o de ave sin fundir ni extraer de otro modo, frescos, refrigerados, congelados, salados o en salmuera, secos o ahumados', '02'),
(91, '020900', 'Tocino sin partes magras y grasas de cerdo o de ave, sin fundir ni extraer de otro modo, frescos, refrigerados, congelados, salados o en salmuera, secos o ahumados', '0209'),
(92, '0210', ' Carne y despojos comestibles, salados o en salmuera, secos o ahumados; harina y polvo comestibles, de carne o de despojos', '02'),
(93, '021011', 'Jamones, paletas, y sus trozos, sin deshuesar, de porcinos, salados o en salmuera, secos o ahumados', '0210'),
(94, '021012', 'Tocino entreverado de panza "panceta" y sus trozos, de porcinos, salados o en salmuera, secos o ahumados', '0210'),
(95, '021019', 'Carne de porcinos, salada o en salmuera, seca o ahumada (exc. piernas, paletas, y sus trozos, sin deshuesar, así como tocino entreverado de panza "panceta" y sus trozos)', '0210'),
(96, '021020', 'Carne de bovinos, salada o en salmuera, seca o ahumada', '0210'),
(97, '021091', 'Carne y despojos comestibles, salados o en salmuera, secos o ahumados, así como harina y polvo comestibles de carne o de despojos, de primates', '0210'),
(98, '021092', 'Carne y despojos comestibles, salados o en salmuera, secos o ahumados, así como harina y polvo comestibles de carne o de despojos, de ballenas, delfines y marsopas "mamíferos del orden Cetáceos", así como de manatíes y dugones o dugongos "mamíferos del or', '0210'),
(99, '021093', 'Carne y despojos comestibles, salados o en salmuera, secos o ahumados, así como harina y polvo comestibles de carne o de despojos, de reptiles, incl. las serpientes y tortugas de mar', '0210'),
(100, '021099', 'Carne y despojos comestibles, salados o en salmuera, secos o ahumados, y harina y polvo comestibles de carne o de despojos (exc. carne de porcinos y bovinos, así como carne y despojos comestibles de primates, de reptiles, de ballenas, delfines y marsopas ', '0210'),
(101, '03', 'PESCADOS Y CRUSTACEOS, MOLUSCOS Y DEMAS INVERTEBRADOS ACUATICOS', '0'),
(102, '0301', ' Peces vivos', '03'),
(103, '030110', 'Peces ornamentales, vivos', '0301'),
(104, '030191', 'Truchas "Salmo trutta", "Oncorhynchus mykiss", "Oncorhynchus clarki", "Oncorhynchus aguabonita", "Oncorhynchus gilae", "Oncorhynchus apache" y "Oncorhynchus Chrysogaster", vivas', '0301'),
(105, '030192', 'Anguilas "Anguilla spp.", vivas', '0301'),
(106, '030193', 'Carpas, vivas', '0301'),
(107, '030199', 'Peces vivos (exc. peces ornamentales, truchas "Salmo trutta", "Oncorhynchus mykiss", "Oncorhynchus clarki", "Oncorhynchus aguabonita", "Oncorhynchus gilae", "Oncorhynchus apache" y "Oncorhynchus Chrysogaster", anguilas "Anguilla spp." y carpas)', '0301'),
(108, '0302', ' Pescado fresco o refrigerado (excepto los filetes y demás carne de pescado de la partida 0304)', '03'),
(109, '030211', 'Truchas "Salmo trutta", "Oncorhynchus mykiss", "Oncorhynchus clarki", "Oncorhynchus aguabonita", "Oncorhynchus gilae", "Oncorhynchus apache" y "Oncorhynchus Chrysogaster", frescas o refrigeradas', '0302'),
(110, '030212', 'Salmones del Pacífico "Oncorhynchus nerka", "Oncorhynchus gorbuscha", "Oncorhynchus keta", "Oncorhynchus tschawytscha", "Oncorhynchus kisutch", "Oncorhynchus masou" y "Oncorhynchus rhodurus", salmones del Atlántico "Salmo salar" y salmones del Danubio "Hu', '0302'),
(111, '030219', 'Salmónidos frescos o refrigerados (exc. truchas, salmones del Pacífico, salmones del Atlántico y salmones del Danubio)', '0302'),
(112, '030221', 'Halibut "fletán" "Reinhardtius hippoglossoides", "Hippoglossus hippoglossus" e "Hippoglossus stenolepis", frescos o refrigerados', '0302'),
(113, '030222', 'Sollas "Pleuronectes platessa", frescas o refrigeradas', '0302'),
(114, '030223', 'Lenguados "Solea spp.", frescos o refrigerados', '0302'),
(115, '030229', 'Pescados planos, "pleuronéctidos", "bótidos", "cynoglósidos", "soleidos", "escoftálmidos" y "citáridos", frescos o refrigerados (exc. halibut "fletán", sollas y lenguados)', '0302'),
(116, '030231', 'Albacoras o atunes blancos "Thunnus alalunga", frescos o refrigerados', '0302'),
(117, '030232', 'Atunes de aleta amarilla o rabiles "Thunnus albacares", frescos o refrigerados', '0302'),
(118, '030233', 'Listados o bonitos de vientre rayado "Euthynnus -Katsuwonus- pelamis", frescos o refrigerados', '0302'),
(119, '030234', 'Patudos o atunes ojo grande "Thunnus obesus", frescos o refrigerados', '0302'),
(120, '030235', 'Atunes comunes o de aleta azul "Thunnus thynnus", frescos o refrigerados', '0302'),
(121, '030236', 'Atunes del sur "Thunnus maccoyii", frescos o refrigerados', '0302'),
(122, '030239', 'Atunes del género "Thunnus", frescos o refrigerados (exc. de las especies "Thunnus alalunga", "Thunnus albacares", "Thunnus obesus", "Thunnus thynnus" y "Thunnus maccoyii")', '0302'),
(123, '030240', 'Arenques "Clupea harengus" y "Clupea pallasii", frescos o refrigerados', '0302'),
(124, '030250', 'Bacalaos "Gadus morhua", "Gadus ogac" y "Gadus macrocephalus", frescos o refrigerados', '0302'),
(125, '030261', 'Sardinas "Sardina pilchardus", "Sardinops spp.", sardinelas "Sardinella spp." y espadines "Sprattus sprattus", frescos o refrigerados', '0302'),
(126, '030262', 'Eglefinos "Melanogrammus aeglefinus", frescos o refrigerados', '0302'),
(127, '030263', 'Carboneros "Pollachius virens ", frescos o refrigerados', '0302'),
(128, '030264', 'Caballas "Scomber scombrus", "Scomber australasicus", "Scomber japonicus", frescos o refrigerados', '0302'),
(129, '030265', 'Escualos, frescos o refrigerados', '0302'),
(130, '030266', 'Anguilas "Anguilla spp.", frescas o refrigeradas', '0302'),
(131, '030269', 'Pescado de agua dulce y de mar, comestible, fresco o refrigerado (exc. salmones, pescados planos, atunes, listados, arenques, bacalaos, sardinas, sardinelas, espadines, eglefinos, carboneros, caballas y estorninos, escualos y anguilas)', '0302'),
(132, '030270', 'Hígados, huevas o lechas comestibles, frescos o refrigerados', '0302'),
(133, '0303', ' Pescado congelado (excepto los filetes y demás carne de pescado de la partida 0304)', '03'),
(134, '030311', 'Salmones rojos "Oncorhynchus nerka", congelados', '0303'),
(135, '030319', 'Salmones del Pacífico "Oncorhynchus gorbuscha", "Oncorhynchus keta", "Oncorhynchus tschawytscha", "Oncorhynchus kisutch", "Oncorhynchus masou" y "Oncorhynchus rhodurus", congelados (exc. salmones rojos "Oncorhyncus nerka")', '0303'),
(136, '030321', 'Truchas "Salmo trutta", "Oncorhynchus mykiss", "Oncorhynchus clarki", "Oncorhynchus aguabonita", "Oncorhynchus gilae", "Oncorhynchus apache" y "Oncorhynchus Chrysogaster", congeladas', '0303'),
(137, '030322', 'Salmones del Atlántico "Salmo salar" y salmones del Danubio "Hucho hucho", congelados', '0303'),
(138, '030329', 'Salmónidos, congelados (exc. salmones del Pacífico, salmones del Atlántico, salmones del Danubio y truchas)', '0303'),
(139, '030331', 'Halibut "fletán" "Reinhardtius hippoglossoides", "Hippoglossus hippoglossus" e "Hippoglossus stenolepis", congelados', '0303'),
(140, '030332', 'Sollas "Pleuronectes platessa", congeladas', '0303'),
(141, '030333', 'Lenguados "Solea spp.", congelados', '0303'),
(142, '030339', 'Pescados planos, "Pleuronéctidos", "Bótidos", "Cynoglósidos", "Soleidos", "Escoftálmidos" y "Ccitáridos", congelados (exc. halibut "fletán", sollas y lenguados)', '0303'),
(143, '030341', 'Albacoras o atunes blancos "Thunnus alalunga", congelados', '0303'),
(144, '030342', 'Atunes de aleta amarilla o rabiles "Thunnus albacares", congelados', '0303'),
(145, '030343', 'Listados o bonitos de vientre rayado, congelados', '0303'),
(146, '030344', 'Patudos o atunes ojo grande "Thunnus obesus", congelados', '0303'),
(147, '030345', 'Atunes comunes o de aleta azul "Thunnus thynnus", congelados', '0303'),
(148, '030346', 'Atunes del sur "Thunnus maccoyii", congelados', '0303'),
(149, '030349', 'Atunes del género "Thunnus", congelados (exc. de las especies "Thunnus alalunga", "Thunnus albacares", "Thunnus obesus", "Thunnus thynnus" y "Thunnus maccoyii")', '0303'),
(150, '030350', 'Arenques "Clupea harengus", "Clupea pallasii", congelados', '0303'),
(151, '030360', 'Bacalaos "Gadus morhua", "Gadus ogac", "Gadus macrocephalus", congelados', '0303'),
(152, '030371', 'Sardinas "Sardina pilchardus", "Sardinops spp.", sardinelas "Sardinella spp." y espadines "Sprattus sprattus", congelados', '0303'),
(153, '030372', 'Eglefinos "Melanogrammus aeglefinus", congelados', '0303'),
(154, '030373', 'Carboneros "Pollachius virens", congelados', '0303'),
(155, '030374', 'Caballas "Scomber scombrus", "Scomber australasicus", "Scomber japonicus", congelados', '0303'),
(156, '030375', 'Escualos congelados', '0303'),
(157, '030376', 'Anguilas "Anguilla spp.", congeladas', '0303'),
(158, '030377', 'Róbalos "Dicentrarchus labrax", "Dicentrarchus punctatus", congelados', '0303'),
(159, '030378', 'Merluzas "Merluccius spp.", "Urophycis spp.", congeladas', '0303'),
(160, '030379', 'Pescado de agua dulce y de mar, comestible, congelado (exc. salmones, pescados planos, atunes , listados, arenques, bacalaos, sardinas, sardinelas, espadines, eglefinos, carboneros, caballas, escualos, anguilas, róbalos y merluzas)', '0303'),
(161, '030380', 'Hígados, huevas y lechas comestibles, congelados', '0303'),
(162, '0304', ' Filetes y demás carne de pescado (incluso picada), frescos, refrigerados o congelados', '03'),
(163, '030410', 'Filetes y demás carne de pescado, incl. picada, frescos o refrigerados', '0304'),
(164, '030420', 'Filetes congelados', '0304'),
(165, '030490', 'Carne de pescado, incl. picada, congelada (exc. filetes)', '0304'),
(166, '0305', ' Pescado seco, salado o en salmuera; pescado ahumado, incluso cocido antes o durante el ahumado; harina, polvo y pellets de pescado, aptos para la alimentación humana', '03'),
(167, '030510', 'Harina, polvo y "pellets" de pescado aptos para la alimentación humana', '0305'),
(168, '030520', 'Hígados, huevas y lechas, secos, salados, en salmuera o ahumados', '0305'),
(169, '030530', 'Filetes de pescado, secos, salados o en salmuera, sin ahumar', '0305'),
(170, '030541', 'Salmones del Pacífico "Oncorhynchus nerka", "Oncorhynchus gorbuscha", "Oncorhynchus keta", "Oncorhynchus tschawytscha", "Oncorhynchus kisutch", "Oncorhynchus masou" y "Oncorhynchus rhodurus", salmones del Atlántico "Salmo salar" y salmones del Danubio "Hu', '0305'),
(171, '030542', 'Arenques "Clupea harengus" y "Clupea pallasii", ahumados, incl. filetes', '0305'),
(172, '030549', 'Pescado ahumado, incl. filetes (exc. salmones del Pacífico, salmones del Atlántico, salmones del Danubio y arenques)', '0305'),
(173, '030551', 'Bacalaos "Gadus morhua", "Gadus ogac", "Gadus macrocephalus", secos, incl. salados, sin ahumar (exc. filetes)', '0305'),
(174, '030559', 'Pescado seco, incl. salado, sin ahumar (exc. bacalaos y filetes en general)', '0305'),
(175, '030561', 'Arenques "Clupea harengus", "Clupea pallasii", simplemente salados o en salmuera (exc. filetes)', '0305'),
(176, '030562', 'Bacalaos "Gadus morhua", "Gadus ogac", "Gadus macrocephalus", simplemente salados o en salmuera (exc. filetes)', '0305'),
(177, '030563', 'Anchoas "Engraulis spp.", simplemente saladas o en salmuera (exc. filetes)', '0305'),
(178, '030569', 'Pescado salado o en salmuera (exc. arenques, bacalaos, anchoas y filetes en general)', '0305'),
(179, '0306', ' Crustáceos, incluso pelados, vivos, frescos, refrigerados, congelados, secos, salados o en salmuera; crustáceos ahumados, incluso pelados o cocidos, antes o durante el ahumado; crustáceos sin pelar, cocidos en agua o vapor, incluso refrigerados, congelad', '03'),
(180, '030611', 'Langostas "Palinurus spp.", "Panulirus spp.", "Jasus spp.", incl. peladas, congeladas, incl. langostas sin pelar, cocidas previamente en agua o vapor', '0306'),
(181, '030612', 'Bogavantes "Homarus spp.", incl. pelados, congelados, incl. bogavantes sin pelar, cocidos previamente en agua o vapor', '0306'),
(182, '030613', 'Camarones, langostinos y demás Decápodos natantia, incl. pelados, congelados, incl. sin pelar, cocidos previamente en agua o vapor', '0306'),
(183, '030614', 'Cangrejos (exc. macruros), incl. pelados, congelados, incl. sin pelar, cocidos previamente en agua o vapor', '0306'),
(184, '030619', 'Crustáceos comestibles, incl. pelados, congelados, incl. sin pelar, cocidos previamente en agua o vapor (exc. langostas, bogavantes, camarones, langostinos y demás Decápodos natantia y cangrejos [exc. macruros]); harina, polvo y "pellets" de crustáceos ap', '0306'),
(185, '030621', 'Langostas "Palinurus spp.", "Panulirus spp." y "Jasus spp.", incl. peladas, vivas, frescas, refrigeradas, secas, saladas o en salmuera, incl. langostas sin pelar, cocidas previamente en agua o vapor', '0306'),
(186, '030622', 'Bogavantes "Homarus spp.", incl. pelados, vivos, frescos, refrigerados, secos, salados o en salmuera, incl. sin pelar, cocidos previamente en agua o vapor', '0306'),
(187, '030623', 'Camarones, langostinos y demás Decápodos natantia, incl. pelados, vivos, frescos, refrigerados, secos, salados o en salmuera, incl. sin pelar, cocidos previamente en agua o vapor', '0306'),
(188, '030624', 'Cangrejos (exc. macruros), incl. pelados, vivos, frescos, refrigerados, secos, salados o en salmuera, incl. sin pelar, cocidos previamente en agua o vapor', '0306'),
(189, '030629', 'Crustáceos comestibles, incl. pelados, vivos, frescos, refrigerados, secos, salados o en salmuera, incl. sin pelar, cocidos previamente en agua o vapor (exc. langostas, bogavantes, camarones, langostinos y demás Decápodos natantia y cangrejos [exc. macrur', '0306'),
(190, '0307', ' Moluscos, incluso separados de sus valvas, vivos, frescos, refrigerados, congelados, secos, salados o en salmuera; moluscos ahumados, incluso pelados o cocidos, antes o durante el ahumado; harina, polvo y pellets de moluscos, aptos para la alimentación h', '03'),
(191, '030710', 'Ostras, vivas, frescas, refrigeradas, congeladas, secas, saladas o en salmuera', '0307'),
(192, '030721', 'Veneras o vieiras, volandeiras y otros moluscos de los géneros "Pecten", "Chlamys" o "Placopecten", incl. sin concha, vivos, frescos o refrigerados', '0307'),
(193, '030729', 'Veneras o vieiras, volandeiras y otros moluscos de los géneros "Pecten", "Chlamys" o "Placopecten", congelados, secos, salados o en salmuera', '0307'),
(194, '030731', 'Mejillones "Mytilus spp.", "Perna spp.", incl. sin concha, vivos, frescos o refrigerados', '0307'),
(195, '030739', 'Mejillones "Mytilus spp.", "Perna spp.", incl. sin concha, congelados, secos, salados o en salmuera', '0307'),
(196, '030741', 'Jibias "Sepia officinalis", "Rossia macrosoma", globitos "Sepiola spp." y calamares y potas "Ommastrephes spp.", "Loligo spp.", "Nototodarus spp.", "Sepioteuthis spp.", incl. sin concha, vivos, frescos o refrigerados', '0307'),
(197, '030749', 'Jibias "Sepia officinalis", "Rossia macrosoma", globitos "Sepiola spp." y calamares y potas "Ommastrephes spp.", "Loligo spp.", "Nototodarus spp.", "Sepioteuthis spp.", incl. sin concha, congelados, secos, salados o en salmuera', '0307'),
(198, '030751', 'Pulpos "Octopus spp.", incl. sin concha, vivos, frescos o refrigerados', '0307'),
(199, '030759', 'Pulpos "Octopus spp.", incl. sin concha, congelados, secos, salados o en salmuera', '0307'),
(200, '030760', 'Caracoles, incl. sin concha, vivos, frescos, refrigerados, congelados, secos, salados o en salmuera (exc. caracoles de mar)', '0307'),
(201, '030791', 'Moluscos comestibles, incl. sin concha, así como erizos de mar, cohombros de mar y otros invertebrados acuáticos comestibles distintos de los crustáceos, vivos, frescos o refrigerados; harina, polvo y "pellets" de invertebrados acuáticos distintos de los ', '0307'),
(202, '030799', 'Moluscos comestibles, incl. sin concha, así como erizos de mar, cohombros de mar y otros invertebrados acuáticos comestibles distintos de los crustáceos, congelados, secos, salados o en salmuera; harina, polvo y "pellets" de invertebrados acuáticos distin', '0307'),
(203, '04', 'LECHE Y PRODUCTOS LACTEOS; HUEVOS DE AVE; MIEL NATURAL; PRODUCTOS COMESTIBLES DE ORIGEN ANIMAL, NO EXPRESADOS NI COMPRENDIDOS EN OTRA PARTE', '0'),
(204, '0401', ' Leche y nata (crema), sin concentrar, sin adición de azúcar ni otro edulcorante', '04'),
(205, '040110', 'Leche y nata "crema", sin concentrar, sin adición de azúcar ni otro edulcorante, con un contenido de materias grasas <= 1% en peso', '0401'),
(206, '040120', 'Leche y nata "crema", sin concentrar, sin adición de azúcar ni otro edulcorante, con un contenido de materias grasas > 1% en peso pero <= 6% en peso', '0401'),
(207, '040130', 'Leche y nata "crema", sin concentrar, sin adición de azúcar ni otro edulcorante, con un contenido de materias grasas > 6% en peso', '0401'),
(208, '0402', ' Leche y nata (crema), concentradas o con adición de azúcar u otro edulcorante', '04'),
(209, '040210', 'Leche y nata "crema", en polvo, gránulos o demás formas sólidas, con un contenido de materias grasas <= 1,5% en peso', '0402'),
(210, '040221', 'Leche y nata "crema", en polvo, gránulos o demás formas sólidas, con un contenido de materias grasas > 1,5% en peso, sin adición de azúcar ni otro edulcorante', '0402'),
(211, '040229', 'Leche y nata "crema", en polvo, gránulos o demás formas sólidas, con un contenido de materias grasas > 1,5% en peso, con adición de azúcar u otro edulcorante', '0402'),
(212, '040291', 'Leche y nata "crema", concentradas, sin adición de azúcar ni otro edulcorante (exc. en polvo, gránulos o demás formas sólidas)', '0402'),
(213, '040299', 'Leche y nata "crema", concentradas, con adición de azúcar u otro edulcorante (exc. en polvo, gránulos o demás formas sólidas)', '0402'),
(214, '0403', ' Suero de mantequilla (de manteca), leche y nata (crema) cuajadas, yogur, kéfir y demás leches y natas (cremas), fermentadas o acidificadas, incluso concentrados, con adición de azúcar u otro edulcorante, aromatizados o con frutas u otros frutos o cacao', '04'),
(215, '040310', 'Yogur, incl. aromatizado, con adición de azúcar u otro edulcorante, frutas o cacao', '0403'),
(216, '040390', 'Suero de mantequilla "de manteca", leche y nata "crema" cuajadas, kéfir y demás leches y natas "cremas" fermentadas o acidificadas, incl. concentrados, con adición de azúcar u otro edulcorante, aromatizados o con frutas o cacao (exc. yogur)', '0403'),
(217, '0404', ' Lactosuero, incluso concentrado o con adición de azúcar u otro edulcorante; productos constituidos por los componentes naturales de la leche, incluso con adición de azúcar u otro edulcorante, no expresados o incluidos en otra parte', '04'),
(218, '040410', 'Lactosuero, aunque esté modificado o incluso concentrado o con adición de azúcar u otro edulcorante', '0404'),
(219, '040490', 'Productos constituidos por los componentes naturales de la leche, incl. con adición de azúcar u otro edulcorante, n.c.o.p. (exc. lactosuero)', '0404'),
(220, '0405', ' Mantequilla (manteca) y demás materias grasas de la leche; pastas lácteas para untar', '04'),
(221, '040510', 'Mantequilla "manteca" (exc. mantequilla deshidratada y "ghee")', '0405'),
(222, '040520', 'Pastas lácteas para untar, con un contenido de materias grasas >= 39% en peso pero < 80% en peso', '0405'),
(223, '040590', 'Grasas de la leche, así como mantequilla "manteca" deshidratada y "ghee" (exc. mantequilla "manteca" natural, recombinada y de lactosuero)', '0405'),
(224, '0406', ' Quesos y requesón', '04'),
(225, '040610', 'Queso fresco "sin madurar", incl. el del lactosuero, y requesón', '0406'),
(226, '040620', 'Queso de cualquier tipo, rallado o en polvo', '0406'),
(227, '040630', 'Queso fundido (exc. rallado o en polvo)', '0406'),
(228, '040640', 'Queso de pasta azul', '0406'),
(229, '040690', 'Queso (exc. queso fresco, incl. lactosuero, sin fermentar; requesón, queso fundido, queso de pasta azul, así como el queso de cualquier tipo rallado o en polvo)', '0406'),
(230, '0407', ' Huevos de ave con cáscara (cascarón), frescos, conservados o cocidos', '04'),
(231, '040700', 'Huevos de ave con cascara "cascarón", frescos, conservados o cocidos', '0407'),
(232, '0408', ' Huevos de ave sin cáscara (cascarón) y yemas de huevo, frescos, secos, cocidos en agua o vapor, moldeados, congelados o conservados de otro modo, incluso con adición de azúcar u otro edulcorante', '04'),
(233, '040811', 'Yemas de huevo, secas, incl. con adición de azúcar u otro edulcorante', '0408'),
(234, '040819', 'Yemas de huevo, frescas, cocidas en agua o vapor, moldeadas, congeladas o conservadas de otro modo, incl. con adición de azúcar u otro edulcorante (exc. secas)', '0408'),
(235, '040891', 'Huevos de ave sin cáscara "cascarón", secos, incl. con adición de azúcar u otro edulcorante (exc. yemas)', '0408'),
(236, '040899', 'Huevos de ave sin cáscara "cascarón", frescos, cocidos en agua o vapor, moldeados, congelados o conservados de otro modo, incl. con adición de azúcar u otro edulcorante (exc. secos)', '0408'),
(237, '0409', ' Miel natural', '04'),
(238, '040900', 'Miel natural', '0409'),
(239, '0410', ' Productos comestibles de origen animal no expresados ni comprendidos en otra parte', '04'),
(240, '041000', 'Huevos de tortuga, nidos de golondrina y demás productos comestibles de origen animal, n.c.o.p.', '0410'),
(241, '05', 'LOS DEMAS PRODUCTOS DE ORIGEN ANIMAL, NO EXPRESADOS NI COMPRENDIDOS EN OTRA PARTE', '0'),
(242, '0501', ' Cabello en bruto, incluso lavado o desgrasado; desperdicios de cabello', '05'),
(243, '050100', 'Cabello en bruto, incl. lavado o desgrasado, incl. desperdicios de cabello', '0501'),
(244, '0502', ' Cerdas de cerdo o de jabalí; pelo de tejón y demás pelos para cepillería; desperdicios de dichas cerdas o pelos', '05'),
(245, '050210', 'Cerdas de cerdo o de jabalí, y sus desperdicios', '0502'),
(246, '050290', 'Pelo de tejón y demás pelos para cepillería; desperdicios de dichas cerdas o pelos', '0502'),
(247, '0503', '', '05'),
(248, '050300', 'Crin y sus desperdicios, incl. en capas con soporte o sin él', '0503'),
(249, '0504', ' Tripas, vejigas y estómagos de animales, excepto los de pescado, enteros o en trozos, frescos, refrigerados, congelados, salados o en salmuera, secos o ahumados', '05'),
(250, '050400', 'Tripas, vejigas y estómagos de animales (exc. de pescado), enteros o en trozos, frescos, refrigerados, congelados, salados o en salmuera, secos o ahumados', '0504'),
(251, '0505', ' Pieles y demás partes de ave, con sus plumas o plumón, plumas y partes de plumas (incluso recortadas) y plumón, en bruto o simplemente limpiados, desinfectados o preparados para su conservación; polvo y desperdicios de plumas o de partes de plumas', '05'),
(252, '050510', 'Plumas de las utilizadas para relleno y plumón, en bruto o simplemente limpiados, desinfectados o preparados para su conservación', '0505'),
(253, '050590', 'Pieles y demás partes de ave, con sus plumas o plumón, plumas y partes de plumas, incl. recortadas, en bruto o simplemente limpiados, desinfectados o preparados para su conservación, así como polvo y desperdicios de plumas o de partes de plumas (exc. util', '0505'),
(254, '0506', ' Huesos y núcleos córneos, en bruto, desgrasados, simplemente preparados (pero sin cortar en forma determinada), acidulados o desgelatinizados; polvo y desperdicios de estas materias', '05'),
(255, '050610', 'Oseína y huesos acidulados', '0506'),
(256, '050690', 'Huesos y núcleos córneos, en bruto, desgrasados, desgelatinizados o simplemente preparados, polvo y desperdicios de estas materias (exc. oseína y huesos acidulados o cortados en forma determinada)', '0506'),
(257, '0507', ' Marfil, concha (caparazón) de tortuga, ballenas de mamíferos marinos (incluidas las barbas), cuernos, astas, cascos, pezuñas, uñas, garras y picos, en bruto o simplemente preparados, pero sin cortar en forma determinada; polvo y desperdicios de estas mat', '05'),
(258, '050710', 'Marfil, en bruto o simplemente preparado (exc. el cortado en forma determinada)', '0507'),
(259, '050790', 'Concha "caparazón" de tortuga, ballenas de mamíferos marinos, incl. las barbas, cuernos, astas, cascos, pezuñas, uñas, garras y picos, en bruto o simplemente preparados, así como polvo y desperdicios de estas materias (exc. los cortados en forma determina', '0507'),
(260, '0508', ' Coral y materias similares, en bruto o simplemente preparados, pero sin otro trabajo; valvas y caparazones de moluscos, crustáceos o equinodermos, y jibiones, en bruto o simplemente preparados, pero sin cortar en forma determinada, incluso en polvo y des', '05'),
(261, '050800', 'Coral y materias simil., valvas y caparazones, de moluscos, crustáceos o equinodermos, incl. sus polvos y desperdicios, así como jibiones, en bruto o simplemente preparados (exc. los preparados o cortados en forma determinada)', '0508'),
(262, '0509', '', '05'),
(263, '050900', 'Esponjas naturales de origen animal', '0509'),
(264, '0510', ' Ámbar gris, castóreo, algalia y almizcle; cantáridas; bilis, incluso desecada; glándulas y demás sustancias de origen animal utilizadas para la preparación de productos farmacéuticos, frescas, refrigeradas, congeladas o conservadas provisionalmente de ot', '05'),
(265, '051000', 'Ámbar gris, castóreo, algalia y almizcle; cantáridas; bilis, incl. desecada; glándulas y demás sustancias de origen animal utilizadas para la preparación de productos farmacéuticos, frescas, refrigeradas, congeladas o conservadas provisionalmente de otro ', '0510'),
(266, '0511', ' Productos de origen animal no expresados ni comprendidos en otra parte; animales muertos de los capítulos 1 o 3, impropios para la alimentación humana', '05'),
(267, '051110', 'Semen de bovino', '0511'),
(268, '051191', 'Productos de pescado o de crustáceos, moluscos u otros invertebrados acúaticos; pescados, crustáceos, moluscos u otros invertebrados acúaticos muertos, impropios para la alimentación humana', '0511'),
(269, '051199', 'Productos de origen animal, n.c.o.p.; animales muertos , impropios para la alimentación humana (exc. pescados, crustáceos, moluscos u otros invertebrados acúaticos)', '0511'),
(270, '06', 'PLANTAS VIVAS Y PRODUCTOS DE LA FLORICULTURA', '0'),
(271, '0601', ' Bulbos, cebollas, tubérculos, raíces y bulbos tuberosos, turiones y rizomas, en reposo vegetativo, en vegetación o en flor; plantas y raíces de achicoria, excepto las raíces de la partida 1212', '06'),
(272, '060110', 'Bulbos, cebollas, tubérculos, raíces y bulbos tuberosos, turiones y rizomas, en reposo vegetativo (exc. para usos alimenticios, así como las plantas, incl. plantas jóvenes, y raíces de achicoria)', '0601'),
(273, '060120', 'Bulbos, cebollas, tubérculos, raíces y bulbos tuberosos, turiones, rizomas, en vegetación o en flor; plantas, incl. plantas jóvenes, y raíces de achicoria (exc. para usos alimenticios, así como las raíces de achicoria de la variedad "Cichorium intybus sat', '0601'),
(274, '0602', ' Las demás plantas vivas (incluidas sus raíces), esquejes e injertos; micelios', '06'),
(275, '060210', 'Esquejes sin enraizar e injertos', '0602'),
(276, '060220', 'Árboles, arbustos y matas, de frutas o de otros frutos comestibles, incl. injertados', '0602'),
(277, '060230', 'Rododendros y azaleas, incl. injertados', '0602'),
(278, '060240', 'Rosales, incl. injertados', '0602'),
(279, '060290', 'Plantas vivas, incl. sus raíces, y micelios (exc. bulbos, cebollas, tubérculos, raíces y bulbos tuberosos, turiones y rizomas, y raíces de achicoria; esquejes y estaquillas, sin enraizar, e injertos; árboles, arbustos y matas, de frutas o de otros frutos ', '0602'),
(280, '0603', ' Flores y capullos, cortados para ramos o adornos, frescos, secos, blanqueados, teñidos, impregnados o preparados de otra forma', '06'),
(281, '060310', 'Flores y capullos, cortados para ramos o adornos, frescos', '0603'),
(282, '060390', 'Flores y capullos, cortados para ramos o adornos, secos, blanqueados, teñidos, impregnados o preparados de otra forma', '0603'),
(283, '0604', ' Follaje, hojas, ramas y demás partes de plantas, sin flores ni capullos, y hierbas, musgos y líquenes, para ramos o adornos, frescos, secos, blanqueados, teñidos, impregnados o preparados de otra forma', '06'),
(284, '060410', 'Musgos y líquenes, para ramos o adornos, frescos, secos, blanqueados, teñidos, impregnados o preparados de otra forma', '0604'),
(285, '060491', 'Follaje, hojas, ramas y demás partes de plantas, sin flores ni capullos, así como hierbas, para ramos o adornos, frescos', '0604'),
(286, '060499', 'Follaje, hojas, ramas y demás partes de plantas, sin flores ni capullos, así como hierbas, para ramos o adornos, secos, blanqueados, teñidos, impregnados o preparados de otra forma', '0604'),
(287, '07', 'HORTALIZAS, PLANTAS, RAICES Y TUBERCULOS ALIMENTICIOS', '0'),
(288, '0701', ' Patatas (papas) frescas o refrigeradas', '07'),
(289, '070110', 'Patatas "papas" para siembra', '0701'),
(290, '070190', 'Patatas "papas" frescas o refrigeradas (exc. las de siembra)', '0701'),
(291, '0702', ' Tomates frescos o refrigerados', '07'),
(292, '070200', 'Tomates frescos o refrigerados', '0702'),
(293, '0703', ' Cebollas, chalotes, ajos, puerros y demás hortalizas aliáceas, frescos o refrigerados', '07'),
(294, '070310', 'Cebollas y chalotes, frescos o refrigerados', '0703'),
(295, '070320', 'Ajos frescos o refrigerados', '0703'),
(296, '070390', 'Puerros y demás hortalizas aliáceas, incl. "silvestres", frescos o refrigerados (exc. cebollas, chalotes y ajos)', '0703'),
(297, '0704', ' Coles, incluidos los repollos, coliflores, coles rizadas, colinabos y productos comestibles similares del género Brassica, frescos o refrigerados', '07'),
(298, '070410', 'Coles y brécoles "broccoli", frescos o refrigerados', '0704'),
(299, '070420', 'Coles "repollitos" de Bruselas, frescas o refrigeradas', '0704'),
(300, '070490', 'Coles, incl. los repollos, y coliflores, coles rizadas, colinabos y productos comestibles simil. del género "Brassica", frescos o refrigerados (exc. coliflores, brécoles "broccoli" y coles "repollitos" de Bruselas)', '0704'),
(301, '0705', ' Lechugas (Lactuca sativa) y achicorias, comprendidas la escarola y la endibia (Cichorium spp.), frescas o refrigeradas', '07'),
(302, '070511', 'Lechugas repolladas, frescas o refrigeradas', '0705'),
(303, '070519', 'Lechugas "Lactuca sativa", frescas o refrigeradas (exc. lechugas repolladas)', '0705'),
(304, '070521', 'Endibias "Witloof", "Cichorium intybus var. foliosum", frescas o refrigeradas', '0705'),
(305, '070529', 'Achicorias, comprendidas la escarola y la endibia "Cichorium spp.", frescas o refrigeradas (exc. endibia "Witloof" "Cichorium intybus var. foliosum")', '0705'),
(306, '0706', ' Zanahorias, nabos, remolachas para ensalada, salsifíes, apionabos, rábanos y raíces comestibles similares, frescos o refrigerados', '07'),
(307, '070610', 'Zanahorias y nabos, frescos o refrigerados (exc. remolachas para ensalada)', '0706'),
(308, '070690', 'Remolachas para ensalada, salsifíes, apionabos, rábanos y raíces comestibles, frescas o refrigeradas (exc. zanahorias y nabos)', '0706'),
(309, '0707', ' Pepinos y pepinillos, frescos o refrigerados', '07'),
(310, '070700', 'Pepinos y pepinillos, frescos o refrigerados', '0707'),
(311, '0708', ' Hortalizas de vaina, aunque estén desvainadas, frescas o refrigeradas', '07'),
(312, '070810', 'Guisantes "arvejas, chícharos" "Pisum sativum", aunque estén desvainados, frescos o refrigerados', '0708'),
(313, '070820', 'Judias "porotos, alubias, frijoles, fréjoles" "Vigna spp.", "Phaseolus spp.", frescas o refrigeradas', '0708'),
(314, '070890', 'Hortalizas de vaina, incl. "silvestres", aunque estén desvainadas, frescas o refrigeradas (exc. guisantes "arvejas, chícharos" "Pisum sativum" y judias "porotos, alubias, frijoles, fréjoles" "Vigna spp.", "Phaseolus spp.")', '0708'),
(315, '0709', ' Las demás hortalizas, frescas o refrigeradas', '07'),
(316, '070910', 'Alcachofas "alcauciles", frescas o refrigeradas', '0709'),
(317, '070920', 'Espárragos, frescos o refrigerados', '0709'),
(318, '070930', 'Berenjenas, frescas o refrigeradas', '0709'),
(319, '070940', 'Apio, fresco o refrigerado (exc. apionabo)', '0709'),
(320, '070951', 'Hongos del género "Agaricus", frescos o refrigerados', '0709'),
(321, '070952', 'Trufas, frescas o refrigeradas', '0709'),
(322, '070959', 'Setas y demás hongos, comestibles, frescas o refrigeradas (exc. hongos del género "Agaricus" y trufas)', '0709'),
(323, '070960', 'Frutos de las géneros "Capsicum" o "Pimenta", frescos o refrigerados', '0709'),
(324, '070970', 'Espinacas, incl. las de Nueva Zelanda, y armuelles, frescas o refrigeradas', '0709'),
(325, '070990', 'Hortalizas, incl. "silvestres", frescas o refrigeradas (exc. patatas "papas"; tomates; cebollas, chalotes, ajos, puerros y demás hortalizas aliáceas; coles, coliflores, coles rizadas, colinabos y productos simil. del género "brassica"; lechugas "Lactuca s', '0709'),
(326, '0710', ' Hortalizas, aunque estén cocidas en agua o vapor, congeladas', '07'),
(327, '071010', 'Patatas "papas", aunque estén cocidas en agua o vapor, congeladas', '0710'),
(328, '071021', 'Guisantes "arvejas, chícharos" "Pisum sativum", aunque estén cocidas en agua o vapor, congelados', '0710'),
(329, '071022', 'Judías "porotos, alubias, frijoles, fréjoles" "Vigna spp.", "Phaseolus spp.", aunque estén cocidas en agua o vapor, congeladas', '0710'),
(330, '071029', 'Hortalizas de vaina, incl. "silvestres", aunque estén cocidas en agua o vapor, congeladas (exc. guisantes "arvejas, chícharos" "Pisum sativum" y judías "porotos, alubias, frijoles, fréjoles" "Vigna spp.", "Phaseolus spp.")', '0710'),
(331, '071030', 'Espinacas, incl. las de Nueva Zelanda, y armuelles, incl. cocidas con agua o vapor, congeladas', '0710'),
(332, '071040', 'Maíz dulce, incl. cocido con agua o vapor, congelado', '0710'),
(333, '071080', 'Hortalizas, incl. "silvestres", aunque estén cocidas en agua o vapor, congeladas (exc. patatas "papas", hortalizas de vaina, espinacas, incl. las de Nueva Zelanda , armuelles y maíz dulce)', '0710'),
(334, '071090', 'Mezclas de hortalizas, incl. "silvestres", aunque estén cocidas en agua o vapor, congeladas', '0710'),
(335, '0711', ' Hortalizas conservadas provisionalmente (por ejemplo: con gas sulfuroso o con agua salada, sulfurosa o adicionada de otras sustancias para asegurar dicha conservación), pero todavía impropias para consumo inmediato', '07'),
(336, '071120', 'Aceitunas conservadas provisionalmente, p.ej., con gas sulfuroso o con agua salada, sulfurosa o adicionada de otras sustancias para asegurar dicha conservación, pero todavía impropias para consumo inmediato', '0711'),
(337, '071130', 'Alcaparras conservadas provisionalmente, p.ej., con gas sulfuroso o con agua salada, sulfurosa o adicionada de otras sustancias para asegurar dicha conservación, pero todavía impropias para consumo inmediato', '0711'),
(338, '071140', 'Pepinos y pepinillos, conservadas provisionalmente, p.ej., con gas sulfuroso o con agua salada, sulfurosa o adicionada de otras sustancias para asegurar dicha conservación, pero todavía impropias para consumo inmediato', '0711'),
(339, '071151', 'Setas y demás hongos del género "Agaricus", conservadas provisionalmente, p.ej., con gas sulfuroso o con agua salada, sulfurosa o adicionada de otras sustancias para asegurar dicha conservación, pero todavía impropias para consumo inmediato', '0711'),
(340, '071159', 'Setas y demás hongos, conservadas provisionalmente, p.ej., con gas sulfuroso o con agua salada, sulfurosa o adicionada de otras sustancias para asegurar dicha conservación, pero todavía impropias para consumo inmediato (exc. hongos del género "Agaricus")', '0711'),
(341, '071190', 'Hortalizas, incl. "silvestres", mezclas de hortalizas, incl. "silvestres", conservadas provisionalmente, p.ej., con gas sulfuroso o con agua salada, sulfurosa o adicionada de otras sustancias para asegurar dicha conservación, pero todavía impropias para c', '0711'),
(342, '0712', ' Hortalizas secas, incluidas las cortadas en trozos o en rodajas o las trituradas o pulverizadas, pero sin otra preparación', '07'),
(343, '071220', 'Cebollas secas, incl. las cortadas en trozos o en rodajas o las trituradas o pulverizadas, pero sin otra preparación', '0712'),
(344, '071231', 'Hongos del género "Agaricus", secos, incl. los cortados en trozos o en rodajas o los triturados o pulverizados, pero sin otra preparación', '0712'),
(345, '071232', 'Orejas de Judas "Auricularia spp.", secas, incl. las cortadas en trozos o en rodajas o las trituradas o pulverizadas, pero sin otra preparación', '0712'),
(346, '071233', 'Hongos gelatinosos "Tremella spp.", secos, incl. los cortados en trozos o en rodajas o los triturados o pulverizados, pero sin otra preparación', '0712'),
(347, '071239', 'Setas y demás hongos y trufas, secas, incl. las cortadas en trozos o en rodajas o las trituradas o pulverizadas, pero sin otra preparación (exc. hongos del género "Agaricus", orejas de Judas "Auricularia spp." y hongos gelatinosos "Tremella spp.")', '0712'),
(348, '071290', 'Hortalizas, incl. "silvestres", mezclas de hortalizas, incl. "silvestres", secas, incl. las cortadas en trozos o en rodajas o las trituradas o pulverizadas, pero sin otra preparación (exc. cebollas, setas y demás hongos y trufas, sin mezclar entre sí)', '0712'),
(349, '0713', ' Hortalizas de vaina secas desvainadas, aunque estén mondadas o partidas', '07'),
(350, '071310', 'Guisantes "arvejas, chícharos" "Pisum sativum", secos, desvainados, aunque estén mondados o partidos', '0713'),
(351, '071320', 'Garbanzos secos desvainados, aunque estén mondados o partidos', '0713'),
(352, '071331', 'Judías "porotos, alubias, frijoles, fréjoles" de las especies "Vigna mungo L. Hepper" o "Vigna radiata [L.] Wilczek", secas y desvainadas, aunque estén mondadas o partidas', '0713'),
(353, '071332', 'Judías "porotos, alubias, frijoles, fréjoles" Adzuki "Phaseolus", "Vigna angularis", seca y desvainada, aunque estén mondada o partida', '0713'),
(354, '071333', 'Judías "porotos, alubias, frijoles, fréjoles"  común "Phaseolus vulgaris", seca y desvainada, aunque estén mondada o partida', '0713'),
(355, '071339', 'Judías "porotos, alubias, frijoles, fréjoles" de las especies "Vigna spp." y "Phaseolus spp.", secas y desvainadas, aunque estén mondadas o partidas (exc. judías "Vigna mungo L. Hepper" o "Vigna radiata L. Wilczek", judías Adzuki y judías común)', '0713'),
(356, '071340', 'Lentejas secas desvainadas, aunque estén mondadas o partidas', '0713'),
(357, '071350', 'Habas "Vicia faba var. major", haba caballar "Vicia faba var. equina" y haba menor "Vicia faba var. minor", secas y desvainadas, aunque estén mondadas o partidas', '0713'),
(358, '071390', 'Hortalizas de vaina secas desvainadas, incl. "silvestres", aunque estén mondadas o partidas (exc. guisantes "arvejas, chícharos", garbanzos, judías, lentejas, habas, haba caballar y haba menor)', '0713'),
(359, '0714', ' Raíces de mandioca (yuca), arrurruz o salep, aguaturmas (patacas), batatas (boniatos, camotes) y raíces y tubérculos similares ricos en fécula o inulina, frescos, refrigerados, congelados o secos, incluso troceados o en pellets; médula de sagú', '07'),
(360, '071410', 'Raíces de mandioca "yuca", frescas, refrigeradas, congeladas o secas, incl. troceadas o en "pellets"', '0714'),
(361, '071420', 'Batatas "boniatos, camotes", frescas, refrigeradas, congeladas o secas, incl. troceadas o en "pellets"', '0714'),
(362, '071490', 'Raíces de arrurruz y de salep, aguaturmas "patacas" y raíces y tubérculos simil. ricos en fécula o en inulina, frescos, refrigerados, congelados o secos, incl. troceados o en "pellets", así como médula de sagú (exc. raíces de mandioca "yuca" y batatas "bo', '0714'),
(363, '08', 'FRUTAS Y FRUTOS COMESTIBLES; CORTEZAS DE AGRIOS (CITRICOS), MELONES O SANDIAS', '0'),
(364, '0801', ' Cocos, nueces del Brasil y nueces de marañón (merey, cajuil, anacardo, cajú), frescos o secos, incluso sin cáscara o mondados', '08'),
(365, '080111', 'Cocos, secos', '0801'),
(366, '080119', 'Cocos, frescos, incl. sin cáscara o mondados', '0801'),
(367, '080121', 'Nueces del Brasil, frescas o secas, con cáscara', '0801'),
(368, '080122', 'Nueces del Brasil, frescas o secas, sin cáscara', '0801'),
(369, '080131', 'Nueces de marañón [merey, cajuil, anacardo, "cajú"], frescas o secas, con cáscara', '0801'),
(370, '080132', 'Nueces de marañón [merey, cajuil, anacardo, "cajú"], frescas o secas, sin cáscara', '0801'),
(371, '0802', ' Los demás frutos de cáscara frescos o secos, incluso sin cáscara o mondados', '08'),
(372, '080211', 'Almendras, frescas o secas, con cáscara', '0802'),
(373, '080212', 'Almendras, frescas o secas, sin cáscara, incl. mondadas', '0802'),
(374, '080221', 'Avellanas "Corylus spp.", frescas o secas, con cáscara', '0802'),
(375, '080222', 'Avellanas "Corylus spp.", frescas o secas, sin cáscara, incl. mondadas', '0802'),
(376, '080231', 'Nueces de nogal, frescas o secas, con cáscara', '0802'),
(377, '080232', 'Nueces de nogal, frescas o secas, sin cáscara, incl. mondadas', '0802');
INSERT INTO `cod_arancel` (`id`, `AL_CodArancel`, `AF_Arancel`, `AL_ParentCod`) VALUES
(378, '080240', 'Castañas "Castanea spp.", frescas o secas, incl. sin cáscara o mondadas', '0802'),
(379, '080250', 'Pistachos, frescos o secos, incl. sin cáscara o mondados', '0802'),
(380, '080290', 'Frutos de cáscara, frescos o secos, incl. sin cáscara o mondados (exc. cocos, nueces del Brasil, nueces de marañón [merey, cajuil, anacardo, "cajú"], almendras, avellanas, nueces de nogal, castañas y pistachos)', '0802'),
(381, '0803', ' Plátanos (bananas), incluidos los «plantains» (plátanos macho), frescos o secos', '08'),
(382, '080300', 'Bananas o plátanos, frescos o secos', '0803'),
(383, '0804', ' Dátiles, higos, piñas (ananás), aguacates (paltas), guayabas, mangos y mangostanes, frescos o secos', '08'),
(384, '080410', 'Dátiles, frescos o secos', '0804'),
(385, '080420', 'Higos, frescos o secos', '0804'),
(386, '080430', 'Piñas "ananás", frescas o secas', '0804'),
(387, '080440', 'Aguacates "paltas", frescos o secos', '0804'),
(388, '080450', 'Guayabas, mangos y mangostanes, frescos o secos', '0804'),
(389, '0805', ' Agrios (cítricos) frescos o secos', '08'),
(390, '080510', 'Naranjas, frescas o secas', '0805'),
(391, '080520', 'Mandarinas, incl. las tangerinas y satsumas; clementinas, wilkings e híbridos simil. de agrios "cítricos", frescos o secos', '0805'),
(392, '080540', 'Toronjas o pomelos, frescos o secos', '0805'),
(393, '080550', 'Limones "Citrus limon, Citrus limonum" y limas "Citrus aurantifolia, Citrus latifolia", frescos o secos', '0805'),
(394, '080590', 'Agrios "cítricos", frescos o secos (exc. naranjas, limones "Citrus limon, Citrus limonum", limas "Citrus aurantifolia, Citrus latifolia", toronjas, pomelos, mandarinas, incl. las tangerinas y satsumas, clementinas, wilkings e híbridos simil. de agrios "cí', '0805'),
(395, '0806', ' Uvas, frescas o secas, incluidas las pasas', '08'),
(396, '080610', 'Uvas frescas', '0806'),
(397, '080620', 'Secas, incl. las pasas', '0806'),
(398, '0807', ' Melones, sandías y papayas, frescos', '08'),
(399, '080711', 'Sandías, frescas', '0807'),
(400, '080719', 'Melones, frescos (exc. sandías)', '0807'),
(401, '080720', 'Papayas, frescas', '0807'),
(402, '0808', ' Manzanas, peras y membrillos, frescos', '08'),
(403, '080810', 'Manzanas, frescas', '0808'),
(404, '080820', 'Peras y membrillos, frescos', '0808'),
(405, '0809', ' Albaricoques (damascos, chabacanos), cerezas, melocotones (duraznos) (incluidos los griñones y nectarinas), ciruelas y endrinas, frescos', '08'),
(406, '080910', 'Albaricoques "damascos, chabacanos", frescos', '0809'),
(407, '080920', 'Cerezas, frescas', '0809'),
(408, '080930', 'Melocotones "duraznos", incl. los griñones y las nectarinas, frescos', '0809'),
(409, '080940', 'Ciruelas y endrinas, frescas', '0809'),
(410, '0810', ' Las demás frutas u otros frutos, frescos', '08'),
(411, '081010', 'Fresas "frutillas", frescas', '0810'),
(412, '081020', 'Frambuesas, zarzamoras, moras y moras-frambuesa, frescas', '0810'),
(413, '081030', 'Grosellas, incl. el casis, frescas', '0810'),
(414, '081040', 'Arándanos rojos, mirtilos y demás frutos del género "Vaccinium", frescos', '0810'),
(415, '081050', 'Kiwis, frescos', '0810'),
(416, '081060', 'Duriones, frescos', '0810'),
(417, '081090', 'Tamarindos, peras de marañón [merey, cajuil, anacardo, "cajú"], frutos del árbol del pan, litchis, sapotillos, frutos de la pasión, carambolas, pitahayas y demás frutos comestibles, frescos (exc. frutos de cáscara; bananas o plátanos; dátiles, higos, piña', '0810'),
(418, '0811', ' Frutas y otros frutos, sin cocer o cocidos en agua o vapor, congelados, incluso con adición de azúcar u otro edulcorante', '08'),
(419, '081110', 'Fresas "frutillas", sin cocer o cocidas en agua o vapor, congeladas, con adición de azúcar u otro edulcorante', '0811'),
(420, '081120', 'Frambuesas, zarzamoras, moras, moras-frambuesa y grosellas, sin cocer o cocidas en agua o vapor, congeladas, incl. con adición de azúcar u otro edulcorante', '0811'),
(421, '081190', 'Frutos comestibles, sin cocer o cocidos en agua o vapor, congelados, incl. con adición de azúcar u otro edulcorante (exc. fresas "frutillas", frambuesas, zarzamoras, moras, moras-frambuesa y grosellas)', '0811'),
(422, '0812', ' Frutas y otros frutos, conservados provisionalmente (por ejemplo: con gas sulfuroso o con agua salada, sulfurosa o adicionada de otras sustancias para dicha conservación), pero todavía impropios para consumo inmediato', '08'),
(423, '081210', 'Cerezas conservadas provisionalmente, p.ej. con gas sulfuroso o con agua salada o sulfurosa o adicionada de otras sustancias para dicha conservación, pero todavía impropias para la alimentación', '0812'),
(424, '081290', 'Frutas y otros frutos conservados provisionalmente, p.ej. con gas sulfuroso o con agua salada o sulfurosa o adicionada de otras sustancias para dicha conservación, pero todavía impropios para la alimentación (exc. cerezas)', '0812'),
(425, '0813', ' Frutas y otros frutos, secos, excepto los de las partidas 0801 a 0806; mezclas de frutas u otros frutos, secos, o de frutos de cáscara de este capítulo', '08'),
(426, '081310', 'Albaricoques "damascos, chabacanos", secos', '0813'),
(427, '081320', 'Ciruelas, secas', '0813'),
(428, '081330', 'Manzanas, secas', '0813'),
(429, '081340', 'Melocotones, incl. los griñones y nectarinas, peras, papayas, tamarindos y demás frutos comestibles, secos (exc. frutos de cáscara, bananas o plátanos, dátiles, higos, piñas "ananás", aguacates "paltas", guayabas, mangos y mangostanes, agrios "cítricos", ', '0813'),
(430, '081350', 'Mezclas de frutos secos comestibles o de frutos de cáscara comestibles', '0813'),
(431, '0814', ' Cortezas de agrios (cítricos), melones o sandías, frescas, congeladas, secas o presentadas en agua salada, sulfurosa o adicionada de otras sustancias para su conservación provisional', '08'),
(432, '081400', 'Cortezas de agrios "cítricos", de melones o sandías, frescas, congeladas, secas o presentadas en agua salada, sulfurosa o adicionada de otras sustancias para su conservación provisional', '0814'),
(433, '09', 'CAFE, TE, YERBA MATE Y ESPECIAS', '0'),
(434, '0901', ' Café, incluso tostado o descafeinado; cáscara y cascarilla de café; sucedáneos del café que contengan café en cualquier proporción', '09'),
(435, '090111', 'Café sin tostar ni descafeinar', '0901'),
(436, '090112', 'Café descafeinado sin tostar', '0901'),
(437, '090121', 'Café tostado sin descafeinar', '0901'),
(438, '090122', 'Café tostado descafeinado', '0901'),
(439, '090190', 'Cáscara y cascarilla de café; sucedáneos de café que contengan café en cualquier proporción', '0901'),
(440, '0902', ' Té, incluso aromatizado', '09'),
(441, '090210', 'Té verde sin fermentar, presentado en envases inmediatos con un contenido <= 3 kg', '0902'),
(442, '090220', 'Té verde sin fermentar, presentado en envases inmediatos con un contenido > 3 kg', '0902'),
(443, '090230', 'Té negro fermentado y té parcialmente fermentado, incl. aromatizado, presentado en envases inmediatos con un contenido <= 3 kg', '0902'),
(444, '090240', 'Té negro fermentado y té parcialmente fermentado, incl. aromatizado, presentado en envases inmediatos con un contenido > 3 kg', '0902'),
(445, '0903', ' Yerba mate', '09'),
(446, '090300', 'Yerba mate', '0903'),
(447, '0904', ' Pimienta del género Piper; frutos de los géneros Capsicum o Pimenta, secos, triturados o pulverizados', '09'),
(448, '090411', 'Pimienta del género "Piper" sin triturar ni pulverizar', '0904'),
(449, '090412', 'Pimienta del género "Piper", triturada o pulverizada', '0904'),
(450, '090420', 'Frutos de los géneros "Capsicum" o "Pimenta", secos, triturados o pulverizados', '0904'),
(451, '0905', ' Vainilla', '09'),
(452, '090500', 'Vainilla', '0905'),
(453, '0906', ' Canela y flores de canelero', '09'),
(454, '090610', 'Canela y flores de canelero, sin triturar ni pulverizar', '0906'),
(455, '090620', 'Canela y flores de canelero, trituradas o pulverizadas', '0906'),
(456, '0907', ' Clavos (frutos enteros, clavillos y pedúnculos)', '09'),
(457, '090700', 'Clavo: frutos, clavillos y pedúnculos', '0907'),
(458, '0908', ' Nuez moscada, macis, amomos y cardamomos', '09'),
(459, '090810', 'Nuez moscada', '0908'),
(460, '090820', 'Macis', '0908'),
(461, '090830', 'Amomos y cardamomos', '0908'),
(462, '0909', ' Semillas de anís, badiana, hinojo, cilantro, comino o alcaravea; bayas de enebro', '09'),
(463, '090910', 'Semillas de anís o badiana', '0909'),
(464, '090920', 'Semillas de cilantro', '0909'),
(465, '090930', 'Semillas de comino', '0909'),
(466, '090940', 'Semillas de alcaravea', '0909'),
(467, '090950', 'Semillas de hinojo; bayas de enebro', '0909'),
(468, '0910', ' Jengibre, azafrán, cúrcuma, tomillo, hojas de laurel, curri y demás especias', '09'),
(469, '091010', 'Jengibre', '0910'),
(470, '091020', 'Azafrán', '0910'),
(471, '091030', 'Cúrcuma', '0910'),
(472, '091040', 'Tomillo y hojas de laurel', '0910'),
(473, '091050', '"Curry"', '0910'),
(474, '091091', 'Mezclas de especias diversas', '0910'),
(475, '091099', 'Especias (exc. pimienta del género "Piper"; pimientos de los géneros "Capsicum" o "Pimenta"; vainilla; canela y flores de canelero; clavo "frutos, clavillos y pedúnculos"; nuez moscada, macis, amomos y cardamomos; semillas de anís, badiana, hinojo, cilant', '0910'),
(476, '10', 'CEREALES', '0'),
(477, '1001', ' Trigo y morcajo (tranquillón)', '10'),
(478, '100110', 'Trigo duro', '1001'),
(479, '100190', 'Escanda, trigo blando y morcajo "tranquillón"', '1001'),
(480, '1002', ' Centeno', '10'),
(481, '100200', 'Centeno', '1002'),
(482, '1003', ' Cebada', '10'),
(483, '100300', 'Cebada', '1003'),
(484, '1004', ' Avena', '10'),
(485, '100400', 'Avena', '1004'),
(486, '1005', ' Maíz', '10'),
(487, '100510', 'Maíz, para siembra', '1005'),
(488, '100590', 'Maíz (exc. para siembra)', '1005'),
(489, '1006', ' Arroz', '10'),
(490, '100610', 'Arroz con cáscara o arroz "paddy"', '1006'),
(491, '100620', 'Arroz descascarillado "arroz cargo" o "arroz pardo"', '1006'),
(492, '100630', 'Arroz semiblanqueado o blanqueado, incl. pulido o glaseado', '1006'),
(493, '100640', 'Arroz partido', '1006'),
(494, '1007', ' Sorgo de grano (granífero)', '10'),
(495, '100700', 'Sorgo, para grano', '1007'),
(496, '1008', ' Alforfón, mijo y alpiste; los demás cereales', '10'),
(497, '100810', 'Alforfón', '1008'),
(498, '100820', 'Mijo(exc. sorgo para grano)', '1008'),
(499, '100830', 'Alpiste', '1008'),
(500, '100890', 'Cereales (exc. trigo y morcajo o tranquillón, centeno, cebada, avena, maíz, arroz, alforfón, mijo, alpiste y sorgo para grano)', '1008');

-- --------------------------------------------------------

--
-- Estructura de tabla para la tabla `comprobante`
--

CREATE TABLE IF NOT EXISTS `comprobante` (
  `id` int(11) NOT NULL AUTO_INCREMENT,
  `NU_Comprobante` int(11) unsigned NOT NULL,
  `empresa_AF_RIF` varchar(12) NOT NULL,
  `evento_AF_CodEvento` varchar(6) NOT NULL,
  `FE_Fecha` date NOT NULL,
  `AF_Banco` varchar(100) NOT NULL,
  `DE_Monto` decimal(6,2) NOT NULL,
  PRIMARY KEY (`NU_Comprobante`),
  UNIQUE KEY `id` (`id`),
  KEY `comprobante_FKIndex1` (`evento_AF_CodEvento`),
  KEY `comprobante_FKIndex2` (`empresa_AF_RIF`)
) ENGINE=InnoDB DEFAULT CHARSET=utf8 AUTO_INCREMENT=1 ;

-- --------------------------------------------------------

--
-- Estructura de tabla para la tabla `empresa`
--

CREATE TABLE IF NOT EXISTS `empresa` (
  `id` int(11) NOT NULL AUTO_INCREMENT,
  `AF_RIF` varchar(12) NOT NULL,
  `ciudad_AF_CodCiudad` varchar(6) NOT NULL,
  `pais_AL_CodPais` char(3) NOT NULL,
  `AF_Clasificacion_Empresa` varchar(15) NOT NULL,
  `AF_Razon_Social` varchar(255) NOT NULL,
  `AF_Direccion` text NOT NULL,
  `AL_Web` varchar(50) DEFAULT NULL,
  `AF_Correo_Electronico` varchar(50) NOT NULL,
  `AF_Telefono` varchar(12) NOT NULL,
  `AF_Fax` varchar(12) DEFAULT NULL,
  PRIMARY KEY (`AF_RIF`),
  UNIQUE KEY `id` (`id`),
  KEY `empresa_FKIndex3` (`pais_AL_CodPais`),
  KEY `empresa_FKIndex2` (`ciudad_AF_CodCiudad`)
) ENGINE=InnoDB  DEFAULT CHARSET=utf8 AUTO_INCREMENT=12 ;

--
-- Volcado de datos para la tabla `empresa`
--

INSERT INTO `empresa` (`id`, `AF_RIF`, `ciudad_AF_CodCiudad`, `pais_AL_CodPais`, `AF_Clasificacion_Empresa`, `AF_Razon_Social`, `AF_Direccion`, `AL_Web`, `AF_Correo_Electronico`, `AF_Telefono`, `AF_Fax`) VALUES
(9, 'G-88888-8', '3561', 'VEN', 'Mediana Empresa', 'Lacteos Los Andes', 'Tu pueblito rincon chiquito.', 'www.lacteoslosandes.com.ve', 'cancerve@yahoo.com', '582129632566', '582129631244'),
(10, 'J-10101010', '1811', 'CAN', 'Mediana Empresa', 'Madera Molida', 'Por ahi mismo... Por ahi mismo... Por ahi mismo... Por ahi mismo... ', 'www.madera.com', 'cancerve@yahoo.com', '254245122', '253215441'),
(7, 'J-11111-1', '2260', 'COL', 'Micro Empresa', 'INVENTA RESPUESTA', 'Bien Perdida', 'www.inventa.com', 'cancerve@yahoo.com', '5875584444', '2354125444'),
(11, 'J-12121-2', '1815', 'CAN', 'Mediana Empresa', 'Tapas Canada', 'Por ahi asdf asdf asdf asdfasdf', 'www.tapas.com', 'tapas@asdf.com', '520741852', '74108520'),
(2, 'J-22222-2', '3544', 'VEN', 'Macro Empresa', 'Pepsi Cola de Venezuela', 'Estado Miranda, Sector los Cortijos.', 'www.pepsi.com.ve', 'cancerve@yahoo.com', '582129589666', '582129598745'),
(4, 'J-33333-3', '1811', 'CAN', 'Pequeña Empresa', 'Pescados Canadienses', 'Calle el Frio con Av. Caliente.', 'www.pescados.com', 'cancerve@yahoo.com', '2565847444', '2547854145'),
(6, 'J-44444-4', '1818', 'CAN', 'Micro Empresa', 'CananExpress Cafe', 'Gillam insurance335 railway ave #3gillam', 'www.CananExpress.com', 'cancerve@yahoo.com', '25475144411', '25236655654'),
(3, 'J-55555-5', '101', 'ARG', 'Mediana Empresa', 'Alimentos Argentinos', 'Calle sin fin con av. tiro loco.', 'www.alimentosrgentinos.ar', 'cancerve@yahoo.com', '4621247544', '4653214447'),
(5, 'J-66666-6', '2413', 'CUB', 'Pequeña Empresa', 'Carnes Cubanizadas', 'Plaza Mayor Jose Marti con calle la esperanza.', 'www.cubanizadas.com', 'cancerve@yahoo.com', '3965888741', '3958744411'),
(8, 'J-77777-7', '3539', 'VEN', 'Macro Empresa', 'Seniat', 'Plaza Venezuela', 'www.seniat.gob.ve', 'cancerve@yahoo.com', '582124524422', '582124524455'),
(1, 'J-99999-9', '3539', 'VEN', 'Micro Empresa', 'APEAC', 'Sabana Grande, Av. Casanova, Edif. INCA. PH-B', 'www.apeac.com', 'cancerve@yahoo.com', '02127613685', '02127613685');

-- --------------------------------------------------------

--
-- Estructura de tabla para la tabla `empresa_cod_arancel`
--

CREATE TABLE IF NOT EXISTS `empresa_cod_arancel` (
  `id` int(11) NOT NULL AUTO_INCREMENT,
  `cod_arancel_AL_CodArancel` varchar(6) NOT NULL,
  `empresa_AF_RIF` varchar(12) NOT NULL,
  UNIQUE KEY `id` (`id`),
  KEY `empresa_cod_arancel_FKIndex1` (`cod_arancel_AL_CodArancel`),
  KEY `empresa_cod_arancel_FKIndex2` (`empresa_AF_RIF`)
) ENGINE=InnoDB  DEFAULT CHARSET=utf8 AUTO_INCREMENT=49 ;

--
-- Volcado de datos para la tabla `empresa_cod_arancel`
--

INSERT INTO `empresa_cod_arancel` (`id`, `cod_arancel_AL_CodArancel`, `empresa_AF_RIF`) VALUES
(1, '01', 'J-99999-9'),
(2, '02', 'J-99999-9'),
(3, '03', 'J-99999-9'),
(4, '0102', 'J-22222-2'),
(5, '0101', 'J-22222-2'),
(6, '08', 'J-22222-2'),
(7, '09', 'J-22222-2'),
(8, '10', 'J-22222-2'),
(9, '01', 'J-55555-5'),
(10, '02', 'J-55555-5'),
(16, '02', 'J-66666-6'),
(17, '0201', 'J-66666-6'),
(18, '0202', 'J-66666-6'),
(19, '09', 'J-44444-4'),
(20, '0903', 'J-44444-4'),
(21, '100110', 'J-44444-4'),
(22, '04', 'J-11111-1'),
(23, '05', 'J-11111-1'),
(24, '06', 'J-11111-1'),
(25, '06', 'J-77777-7'),
(26, '0601', 'J-77777-7'),
(27, '0602', 'J-77777-7'),
(28, '0603', 'J-77777-7'),
(29, '04', 'G-88888-8'),
(30, '05', 'G-88888-8'),
(31, '0504', 'G-88888-8'),
(32, '01', 'J-11111-1'),
(36, '09', 'J-10101010'),
(37, '100110', 'J-10101010'),
(38, '02', 'J-22222-2'),
(40, '01', 'J-12121-2'),
(41, '09', 'J-12121-2'),
(42, '100110', 'J-12121-2'),
(43, '01', 'J-33333-3'),
(44, '02', 'J-33333-3'),
(45, '03', 'J-33333-3'),
(46, '0301', 'J-33333-3'),
(47, '0302', 'J-33333-3'),
(48, '030211', 'J-33333-3');

-- --------------------------------------------------------

--
-- Estructura de tabla para la tabla `empresa_contacto`
--

CREATE TABLE IF NOT EXISTS `empresa_contacto` (
  `id` int(11) NOT NULL AUTO_INCREMENT,
  `NU_Cedula` varchar(12) NOT NULL,
  `empresa_AF_RIF` varchar(12) NOT NULL,
  `AL_Nombre` varchar(20) NOT NULL,
  `AL_Apellido` varchar(20) NOT NULL,
  `AF_Cargo` varchar(50) DEFAULT NULL,
  PRIMARY KEY (`id`),
  UNIQUE KEY `id` (`id`),
  KEY `empresa_contacto_FKIndex1` (`empresa_AF_RIF`)
) ENGINE=InnoDB  DEFAULT CHARSET=utf8 AUTO_INCREMENT=21 ;

--
-- Volcado de datos para la tabla `empresa_contacto`
--

INSERT INTO `empresa_contacto` (`id`, `NU_Cedula`, `empresa_AF_RIF`, `AL_Nombre`, `AL_Apellido`, `AF_Cargo`) VALUES
(1, '6985611', 'J-99999-9', 'Moises', 'Lares', 'Presidente'),
(2, '7452145', 'J-99999-9', 'Marianicer', 'Figueroa', 'Gerente de Negocios'),
(3, '1234567891', 'J-22222-2', 'Vladimir1', 'Moreno1', 'Presidente1'),
(4, '963852741', 'J-22222-2', 'Isaac', 'Mendoza', 'Ejecutivo'),
(5, '45454545', 'J-55555-5', 'Cristina', 'Aguilera', 'Gerente de Ventas'),
(6, '7945611', 'J-33333-3', 'Will', 'Smith', 'Presidente'),
(7, '963852741', 'J-33333-3', 'Bob', 'Abreu', 'Director'),
(8, '963254111', 'J-66666-6', 'Jose', 'Marti', 'Presidente'),
(9, '121212121', 'J-66666-6', 'Fidel', 'Castro', 'Ejecutivo'),
(10, '998877445', 'J-44444-4', 'Vin', 'Diesel', 'Director de Negocios'),
(11, '663322551', 'J-44444-4', 'Tego', 'Calderon', 'Gerente'),
(12, '996633221', 'J-11111-1', 'Alicia', 'Machado', 'Mantenimiento'),
(13, '45645611', 'J-77777-7', 'Jose David', 'Cabello', 'Superintendente'),
(14, '9966332211', 'G-88888-8', 'Jennifer', 'Lopez', 'Presidenta'),
(15, '665544112', 'G-88888-8', 'Marc', 'Anthony', 'Vicepresidente'),
(16, '10101010', 'J-10101010', 'Alex', 'Vacca', 'Presidente'),
(17, '10101011', 'J-10101010', 'Mark', 'Lejon', 'Vicepresidente'),
(18, '741852', 'J-12121-2', 'Antonio', 'Armas', 'Presidente'),
(19, '963852', 'J-12121-2', 'Alex', 'Gonzalez', 'Vicepresidente'),
(20, '741741741', 'J-33333-3', 'otros', 'otros', 'torero');

-- --------------------------------------------------------

--
-- Estructura de tabla para la tabla `empresa_postulada`
--

CREATE TABLE IF NOT EXISTS `empresa_postulada` (
  `id` int(11) NOT NULL AUTO_INCREMENT,
  `evento_AF_CodEvento` varchar(6) NOT NULL,
  `empresa_AF_RIF` varchar(12) NOT NULL,
  `BI_Status` tinyint(1) unsigned DEFAULT '0' COMMENT 'Cand=1,Post=2,Sel=3,Part=4,Rech=5,Acre=6',
  UNIQUE KEY `id` (`id`),
  KEY `empresa_postulada_FKIndex1` (`evento_AF_CodEvento`),
  KEY `empresa_postulada_FKIndex2` (`empresa_AF_RIF`)
) ENGINE=InnoDB  DEFAULT CHARSET=utf8 AUTO_INCREMENT=8 ;

--
-- Volcado de datos para la tabla `empresa_postulada`
--

INSERT INTO `empresa_postulada` (`id`, `evento_AF_CodEvento`, `empresa_AF_RIF`, `BI_Status`) VALUES
(1, 'E-1', 'J-33333-3', 4),
(2, 'E-4', 'J-44444-4', 4),
(3, 'E-1', 'J-55555-5', 4),
(4, 'E-1', 'J-99999-9', 4),
(5, 'E-1', 'J-10101010', 4),
(6, 'E-1', 'J-22222-2', 4),
(7, 'E-1', 'J-12121-2', 4);

-- --------------------------------------------------------

--
-- Estructura de tabla para la tabla `evento`
--

CREATE TABLE IF NOT EXISTS `evento` (
  `id` int(11) NOT NULL AUTO_INCREMENT,
  `AF_CodEvento` varchar(6) NOT NULL,
  `ciudad_AF_CodCiudad` varchar(6) NOT NULL,
  `pais_AL_CodPais` char(3) NOT NULL,
  `AF_Nombre_Evento` varchar(200) NOT NULL,
  `AF_Lugar` text NOT NULL,
  `FE_Fecha_Desde` date NOT NULL COMMENT 'Inicio Evento',
  `FE_Fecha_Hasta` date NOT NULL COMMENT 'Fin Evento',
  `F1_FechaDesde` date NOT NULL,
  `F1_FechaHasta` date NOT NULL,
  `F2_FechaDesde` date NOT NULL,
  `F2_FechaHasta` date NOT NULL,
  `F3_FechaDesde` date NOT NULL,
  `F3_FechaHasta` date NOT NULL,
  `F4_FechaDesde` date NOT NULL,
  `F4_FechaHasta` date NOT NULL,
  `F5_FechaDesde` date NOT NULL,
  `F5_FechaHasta` date NOT NULL,
  `TI_Hora_Inicio_Am` time NOT NULL,
  `TI_Hora_Final_Am` time NOT NULL,
  `TI_Hora_Inicio_Pm` time NOT NULL,
  `TI_Hora_Final_Pm` time NOT NULL,
  `NU_Minutos_x_Cita` int(2) NOT NULL,
  `NU_Minutos_Entre_Cita` int(2) NOT NULL,
  `NU_Cantidad_Mesa` int(3) unsigned NOT NULL,
  `BI_Activo` tinyint(1) DEFAULT NULL,
  PRIMARY KEY (`AF_CodEvento`),
  UNIQUE KEY `id` (`id`),
  KEY `evento_FKIndex1` (`pais_AL_CodPais`),
  KEY `evento_FKIndex2` (`ciudad_AF_CodCiudad`)
) ENGINE=InnoDB  DEFAULT CHARSET=utf8 AUTO_INCREMENT=9 ;

--
-- Volcado de datos para la tabla `evento`
--

INSERT INTO `evento` (`id`, `AF_CodEvento`, `ciudad_AF_CodCiudad`, `pais_AL_CodPais`, `AF_Nombre_Evento`, `AF_Lugar`, `FE_Fecha_Desde`, `FE_Fecha_Hasta`, `F1_FechaDesde`, `F1_FechaHasta`, `F2_FechaDesde`, `F2_FechaHasta`, `F3_FechaDesde`, `F3_FechaHasta`, `F4_FechaDesde`, `F4_FechaHasta`, `F5_FechaDesde`, `F5_FechaHasta`, `TI_Hora_Inicio_Am`, `TI_Hora_Final_Am`, `TI_Hora_Inicio_Pm`, `TI_Hora_Final_Pm`, `NU_Minutos_x_Cita`, `NU_Minutos_Entre_Cita`, `NU_Cantidad_Mesa`, `BI_Activo`) VALUES
(1, 'E-1', '1810', 'CAN', 'Intercambio de Negocio Canada - Venezuela', 'Mas alla de por alli mismo.', '2013-07-30', '2013-08-02', '2013-07-03', '2013-07-13', '2013-07-13', '2013-07-15', '2013-07-15', '2013-07-16', '2013-07-16', '2013-07-18', '2013-07-18', '2013-07-29', '08:30:00', '11:30:00', '13:00:00', '16:00:00', 20, 10, 30, 1),
(8, 'E-4', '2535', 'MEX', 'Negocios Internacionales Mexico 2013', 'Hotel Plaza Mayor de Aguas CAlientes', '2013-07-29', '2013-08-02', '2013-07-03', '2013-07-13', '2013-07-13', '2013-07-15', '2013-07-15', '2013-07-16', '2013-07-16', '2013-07-18', '2013-07-18', '2013-07-29', '08:00:00', '11:00:00', '14:00:00', '17:00:00', 30, 10, 40, 1);

-- --------------------------------------------------------

--
-- Estructura de tabla para la tabla `evento_cod_arancel`
--

CREATE TABLE IF NOT EXISTS `evento_cod_arancel` (
  `id` int(11) NOT NULL AUTO_INCREMENT,
  `evento_AF_CodEvento` varchar(6) NOT NULL,
  `cod_arancel_AL_CodArancel` varchar(6) NOT NULL,
  UNIQUE KEY `id` (`id`),
  KEY `evento_cod_arancel_FKIndex1` (`evento_AF_CodEvento`),
  KEY `evento_cod_arancel_FKIndex2` (`cod_arancel_AL_CodArancel`)
) ENGINE=InnoDB  DEFAULT CHARSET=utf8 AUTO_INCREMENT=31 ;

--
-- Volcado de datos para la tabla `evento_cod_arancel`
--

INSERT INTO `evento_cod_arancel` (`id`, `evento_AF_CodEvento`, `cod_arancel_AL_CodArancel`) VALUES
(1, 'E-1', '01'),
(2, 'E-1', '02'),
(3, 'E-1', '0201'),
(4, 'E-1', '100110'),
(26, 'E-4', '01'),
(27, 'E-4', '04'),
(28, 'E-4', '06'),
(29, 'E-4', '07'),
(30, 'E-4', '09');

-- --------------------------------------------------------

--
-- Estructura de tabla para la tabla `evento_horario`
--

CREATE TABLE IF NOT EXISTS `evento_horario` (
  `AF_CodHorario` int(6) NOT NULL AUTO_INCREMENT,
  `evento_AF_CodEvento` varchar(6) NOT NULL,
  `FE_Fecha` date NOT NULL,
  `TI_Hora_Inicio_Am` time NOT NULL,
  `TI_Hora_Final_Am` time NOT NULL,
  `TI_Hora_Inicio_Pm` time NOT NULL,
  `TI_Hora_Final_Pm` time NOT NULL,
  `NU_Minutos_x_Cita` int(2) unsigned NOT NULL,
  `NU_Minutos_Entre_Cita` int(2) unsigned NOT NULL,
  PRIMARY KEY (`AF_CodHorario`),
  KEY `evento_horario_FKIndex1` (`evento_AF_CodEvento`)
) ENGINE=InnoDB  DEFAULT CHARSET=utf8 AUTO_INCREMENT=18 ;

--
-- Volcado de datos para la tabla `evento_horario`
--

INSERT INTO `evento_horario` (`AF_CodHorario`, `evento_AF_CodEvento`, `FE_Fecha`, `TI_Hora_Inicio_Am`, `TI_Hora_Final_Am`, `TI_Hora_Inicio_Pm`, `TI_Hora_Final_Pm`, `NU_Minutos_x_Cita`, `NU_Minutos_Entre_Cita`) VALUES
(1, 'E-1', '2013-07-30', '08:00:00', '11:00:00', '14:00:00', '17:00:00', 30, 10),
(2, 'E-1', '2013-07-31', '09:00:00', '12:00:00', '14:30:00', '17:30:00', 30, 10),
(3, 'E-1', '2013-08-01', '08:30:00', '11:30:00', '13:00:00', '15:00:00', 30, 10),
(4, 'E-1', '2013-08-02', '09:30:00', '12:30:00', '13:30:00', '16:30:00', 30, 10),
(13, 'E-4', '2013-07-29', '08:00:00', '11:00:00', '14:00:00', '17:00:00', 20, 10),
(14, 'E-4', '2013-07-30', '08:00:00', '11:00:00', '13:45:00', '17:00:00', 20, 10),
(15, 'E-4', '2013-07-31', '08:00:00', '11:00:00', '14:00:00', '17:00:00', 20, 10),
(16, 'E-4', '2013-08-01', '08:00:00', '11:00:00', '14:00:00', '17:00:00', 20, 10),
(17, 'E-4', '2013-08-02', '08:00:00', '11:00:00', '14:00:00', '17:00:00', 20, 10);

-- --------------------------------------------------------

--
-- Estructura de tabla para la tabla `evento_paisparticipante`
--

CREATE TABLE IF NOT EXISTS `evento_paisparticipante` (
  `id` int(11) NOT NULL AUTO_INCREMENT,
  `evento_AF_CodEvento` varchar(6) NOT NULL,
  `pais_AL_CodPais` char(3) NOT NULL,
  UNIQUE KEY `id` (`id`),
  KEY `evento_pais_partic_FKIndex1` (`pais_AL_CodPais`),
  KEY `evento_pais_partic_FKIndex2` (`evento_AF_CodEvento`)
) ENGINE=InnoDB  DEFAULT CHARSET=utf8 AUTO_INCREMENT=30 ;

--
-- Volcado de datos para la tabla `evento_paisparticipante`
--

INSERT INTO `evento_paisparticipante` (`id`, `evento_AF_CodEvento`, `pais_AL_CodPais`) VALUES
(1, 'E-1', 'ARG'),
(2, 'E-1', 'CAN'),
(3, 'E-1', 'CUB'),
(4, 'E-1', 'VEN'),
(26, 'E-4', 'COL'),
(27, 'E-4', 'MEX'),
(28, 'E-4', 'PER'),
(29, 'E-4', 'VEN');

-- --------------------------------------------------------

--
-- Estructura de tabla para la tabla `oficina_comercial`
--

CREATE TABLE IF NOT EXISTS `oficina_comercial` (
  `id` int(11) NOT NULL AUTO_INCREMENT,
  `AF_CodOficina` varchar(6) NOT NULL,
  `pais_AL_CodPais` char(3) NOT NULL,
  `AL_Nombre_Oficina` varchar(50) NOT NULL,
  `AF_Direccion` text,
  `AL_Persona_Contacto` varchar(50) NOT NULL,
  `NU_Telefono` varchar(12) NOT NULL,
  `NU_Fax` varchar(12) NOT NULL,
  `AF_Correo` varchar(50) NOT NULL,
  PRIMARY KEY (`AF_CodOficina`),
  UNIQUE KEY `id` (`id`),
  KEY `oficina_comercial_FKIndex1` (`pais_AL_CodPais`)
) ENGINE=InnoDB  DEFAULT CHARSET=utf8 AUTO_INCREMENT=7 ;

--
-- Volcado de datos para la tabla `oficina_comercial`
--

INSERT INTO `oficina_comercial` (`id`, `AF_CodOficina`, `pais_AL_CodPais`, `AL_Nombre_Oficina`, `AF_Direccion`, `AL_Persona_Contacto`, `NU_Telefono`, `NU_Fax`, `AF_Correo`) VALUES
(1, 'O-1', 'ARG', 'Embajada de Argentina en Venezuela', 'Bello Monte creo', 'Embajador Quiensabe', '4294967295', '4294967295', 'cancerve@yahoo.com'),
(2, 'O-2', 'ARG', 'Embajada de Venezuela en Argentina', 'Ahoramenos que sedonde queda estadireccion', 'Excelentisimo Embajador de Argentina', '4294967295', '4294967295', 'cancerve@yahoo.com'),
(3, 'O-3', 'CAN', 'Oficina Comercial de Bancoex en Canada', 'En alguna parte de Canada', 'Gerente General Jose Miguel', '2547741244', '2354785115', 'cancerve@yahoo.com'),
(4, 'O-4', 'CUB', 'Embajada Cubana en Venezuela', 'Chacaito', 'Fidel Castro', '635662142', '965423351', 'cancerve@yahoo.com'),
(5, 'O-5', 'VEN', 'Oficina Principal de Bancoex', 'Los Palos Grandes', 'Isaac Mendoza', '582124557412', '582128542655', 'cancerve@yahoo.com'),
(6, 'O-6', 'VEN', 'Oficina Comercial de Bancoex en el Edo. Zulia', 'Estado Zulia, Capital Maracaibo.', 'Gerente General, Vladimir Moreno', '58357458744', '58357896544', 'cancerve@yahoo.com');

-- --------------------------------------------------------

--
-- Estructura de tabla para la tabla `pais`
--

CREATE TABLE IF NOT EXISTS `pais` (
  `id` int(11) NOT NULL AUTO_INCREMENT,
  `AL_CodPais` char(3) NOT NULL,
  `AL_Pais` varchar(200) NOT NULL,
  PRIMARY KEY (`AL_CodPais`),
  UNIQUE KEY `id` (`id`)
) ENGINE=InnoDB  DEFAULT CHARSET=utf8 AUTO_INCREMENT=25 ;

--
-- Volcado de datos para la tabla `pais`
--

INSERT INTO `pais` (`id`, `AL_CodPais`, `AL_Pais`) VALUES
(1, 'ABW', 'Aruba'),
(2, 'ARG', 'Argentina'),
(3, 'BOL', 'Bolivia'),
(4, 'BRA', 'Brazil'),
(5, 'CAN', 'Canada'),
(6, 'CHL', 'Chile'),
(7, 'COL', 'Colombia'),
(8, 'CRI', 'Costa Rica'),
(9, 'CUB', 'Cuba'),
(10, 'DOM', 'Dominican Republic'),
(11, 'ECU', 'Ecuador'),
(12, 'ESP', 'Spain'),
(13, 'GUY', 'Guyana'),
(14, 'HND', 'Honduras'),
(15, 'JPN', 'Japan'),
(16, 'MEX', 'Mexico'),
(17, 'NIC', 'Nicaragua'),
(18, 'PAN', 'Panama'),
(19, 'PER', 'Peru'),
(20, 'PRI', 'Puerto Rico'),
(21, 'PRY', 'Paraguay'),
(22, 'SLV', 'El Salvador'),
(23, 'URY', 'Uruguay'),
(24, 'VEN', 'Venezuela');

-- --------------------------------------------------------

--
-- Estructura de tabla para la tabla `resultado_negocio`
--

CREATE TABLE IF NOT EXISTS `resultado_negocio` (
  `cita_NU_Cita` int(11) NOT NULL,
  `AF_RIF_Reporta` varchar(12) DEFAULT NULL,
  `empresa_contacto_NU_Cedula_Reporta` varchar(12) DEFAULT NULL,
  `AF_RIF_Contraparte` varchar(12) DEFAULT NULL,
  `empresa_contacto_NU_Cedula_Contraparte` varchar(12) DEFAULT NULL,
  `BI_Interes` tinyint(1) DEFAULT NULL,
  `BS_Monto1` int(10) DEFAULT NULL,
  `BI_Tipo_Negocio1` bit(1) DEFAULT NULL,
  `AF_Otro1` varchar(50) DEFAULT NULL,
  `BS_Monto2` int(10) DEFAULT NULL,
  `BI_Tipo_Negocio2` bit(1) DEFAULT NULL,
  `AF_Otro2` varchar(50) DEFAULT NULL,
  `BS_Monto3` int(10) DEFAULT NULL,
  `BI_Tipo_Negocio3` bit(1) DEFAULT NULL,
  `AF_Otro3` varchar(50) DEFAULT NULL,
  `AF_Producto` longtext,
  `AF_Descripcion` longtext,
  PRIMARY KEY (`cita_NU_Cita`),
  KEY `resultado_negocio_FKIndex1` (`cita_NU_Cita`)
) ENGINE=InnoDB DEFAULT CHARSET=utf8;

--
-- Volcado de datos para la tabla `resultado_negocio`
--

INSERT INTO `resultado_negocio` (`cita_NU_Cita`, `AF_RIF_Reporta`, `empresa_contacto_NU_Cedula_Reporta`, `AF_RIF_Contraparte`, `empresa_contacto_NU_Cedula_Contraparte`, `BI_Interes`, `BS_Monto1`, `BI_Tipo_Negocio1`, `AF_Otro1`, `BS_Monto2`, `BI_Tipo_Negocio2`, `AF_Otro2`, `BS_Monto3`, `BI_Tipo_Negocio3`, `AF_Otro3`, `AF_Producto`, `AF_Descripcion`) VALUES
(3, 'J-22222-2', '1234567891', 'J-55555-5', '45454545', 1, 2323, '1', 'asdfadsf', 345, '1', 'asdfadsf', 456456, '1', 'asfasdf', 'cv x xvbxvbx b xcvxcb xcvb ', 'xvcbx vcb rth dtrh trhttrh trh'),
(55, '6546', '465', '465', '456', 1, 1, '1', '465', 456, '1', '465', 465, '0', '456', '456', '456');

-- --------------------------------------------------------

--
-- Estructura de tabla para la tabla `usuario`
--

CREATE TABLE IF NOT EXISTS `usuario` (
  `id` int(11) NOT NULL AUTO_INCREMENT,
  `AF_Usuario` varchar(20) NOT NULL,
  `empresa_AF_RIF` varchar(12) NOT NULL DEFAULT '0',
  `AF_Clave` varchar(255) NOT NULL,
  `AL_NombreApellido` varchar(50) DEFAULT NULL,
  `AF_Correo` longtext,
  `rol` int(1) NOT NULL COMMENT 'GPC=0, Emp=1, CS=2 GI=3',
  PRIMARY KEY (`AF_Usuario`),
  UNIQUE KEY `id` (`id`)
) ENGINE=InnoDB  DEFAULT CHARSET=utf8 AUTO_INCREMENT=15 ;

--
-- Volcado de datos para la tabla `usuario`
--

INSERT INTO `usuario` (`id`, `AF_Usuario`, `empresa_AF_RIF`, `AF_Clave`, `AL_NombreApellido`, `AF_Correo`, `rol`) VALUES
(4, 'alimentos', 'J-55555-5', '202cb962ac59075b964b07152d234b70', 'Michael Jordan', 'cancerve@yahoo.com', 1),
(2, 'apeac', 'J-99999-9', '202cb962ac59075b964b07152d234b70', 'David Rodriguez', 'cancerve@yahoo.com', 1),
(7, 'cafe', 'J-44444-4', '202cb962ac59075b964b07152d234b70', 'Vin Diesel', 'cancerve@yahoo.com', 1),
(6, 'carnes', 'J-66666-6', '202cb962ac59075b964b07152d234b70', 'Jose Marti', 'cancerve@yahoo.com', 1),
(11, 'comite', '0', '202cb962ac59075b964b07152d234b70', 'Comite de Seleccion', 'cancerve"yahoo.com', 2),
(1, 'gerencia', '0', '202cb962ac59075b964b07152d234b70', 'Manuel Fernandez', 'cancerve@gmail.com', 0),
(12, 'gerenciai', '0', '202cb962ac59075b964b07152d234b70', 'Gerencia Interesada', 'cancerve@yahoo.com', 3),
(10, 'lacteos', 'G-88888-8', '202cb962ac59075b964b07152d234b70', 'Jennifer Lopez', 'cancerve@yahoo.com', 1),
(13, 'madera', 'J-10101010', '202cb962ac59075b964b07152d234b70', 'Koby Bryant', 'cancerve@yahoo.com', 1),
(8, 'metal', 'J-11111-1', '202cb962ac59075b964b07152d234b70', 'Alicia Machado', 'cancerve@yahoo.com', 1),
(3, 'pepsi', 'J-22222-2', '202cb962ac59075b964b07152d234b70', 'Francisco Martinez', 'cancerve@yahoo.com', 1),
(5, 'pes', 'J-33333-3', '202cb962ac59075b964b07152d234b70', 'Will Smith', 'cancerve@yahoo.com', 1),
(9, 'seniat', 'J-77777-7', '202cb962ac59075b964b07152d234b70', 'Jose David Cabello', 'cancerve@yahoo.com', 1),
(14, 'tapa', 'J-12121-2', '202cb962ac59075b964b07152d234b70', 'Jhonny Cage', 'tapa@asdf.com', 1);

--
-- Restricciones para tablas volcadas
--

--
-- Filtros para la tabla `ciudad`
--
ALTER TABLE `ciudad`
  ADD CONSTRAINT `ciudad_ibfk_1` FOREIGN KEY (`pais_AL_CodPais`) REFERENCES `pais` (`AL_CodPais`) ON DELETE CASCADE ON UPDATE CASCADE;

--
-- Filtros para la tabla `comprobante`
--
ALTER TABLE `comprobante`
  ADD CONSTRAINT `comprobante_ibfk_1` FOREIGN KEY (`evento_AF_CodEvento`) REFERENCES `evento` (`AF_CodEvento`) ON DELETE CASCADE ON UPDATE CASCADE,
  ADD CONSTRAINT `comprobante_ibfk_2` FOREIGN KEY (`empresa_AF_RIF`) REFERENCES `empresa` (`AF_RIF`) ON DELETE CASCADE ON UPDATE CASCADE;

--
-- Filtros para la tabla `empresa_cod_arancel`
--
ALTER TABLE `empresa_cod_arancel`
  ADD CONSTRAINT `empresa_cod_arancel_ibfk_1` FOREIGN KEY (`cod_arancel_AL_CodArancel`) REFERENCES `cod_arancel` (`AL_CodArancel`) ON DELETE CASCADE ON UPDATE CASCADE,
  ADD CONSTRAINT `empresa_cod_arancel_ibfk_2` FOREIGN KEY (`empresa_AF_RIF`) REFERENCES `empresa` (`AF_RIF`) ON DELETE CASCADE ON UPDATE CASCADE;

--
-- Filtros para la tabla `empresa_contacto`
--
ALTER TABLE `empresa_contacto`
  ADD CONSTRAINT `empresa_contacto_ibfk_1` FOREIGN KEY (`empresa_AF_RIF`) REFERENCES `empresa` (`AF_RIF`) ON DELETE CASCADE ON UPDATE CASCADE;

--
-- Filtros para la tabla `empresa_postulada`
--
ALTER TABLE `empresa_postulada`
  ADD CONSTRAINT `empresa_postulada_ibfk_1` FOREIGN KEY (`evento_AF_CodEvento`) REFERENCES `evento` (`AF_CodEvento`) ON DELETE CASCADE ON UPDATE CASCADE,
  ADD CONSTRAINT `empresa_postulada_ibfk_2` FOREIGN KEY (`empresa_AF_RIF`) REFERENCES `empresa` (`AF_RIF`) ON DELETE CASCADE ON UPDATE CASCADE;

--
-- Filtros para la tabla `evento_cod_arancel`
--
ALTER TABLE `evento_cod_arancel`
  ADD CONSTRAINT `evento_cod_arancel_ibfk_1` FOREIGN KEY (`evento_AF_CodEvento`) REFERENCES `evento` (`AF_CodEvento`) ON DELETE CASCADE ON UPDATE CASCADE,
  ADD CONSTRAINT `evento_cod_arancel_ibfk_2` FOREIGN KEY (`cod_arancel_AL_CodArancel`) REFERENCES `cod_arancel` (`AL_CodArancel`) ON DELETE CASCADE ON UPDATE CASCADE;

--
-- Filtros para la tabla `evento_horario`
--
ALTER TABLE `evento_horario`
  ADD CONSTRAINT `evento_horario_ibfk_1` FOREIGN KEY (`evento_AF_CodEvento`) REFERENCES `evento` (`AF_CodEvento`) ON DELETE CASCADE ON UPDATE CASCADE;

--
-- Filtros para la tabla `evento_paisparticipante`
--
ALTER TABLE `evento_paisparticipante`
  ADD CONSTRAINT `evento_paisparticipante_ibfk_1` FOREIGN KEY (`evento_AF_CodEvento`) REFERENCES `evento` (`AF_CodEvento`) ON DELETE CASCADE ON UPDATE CASCADE;

/*!40101 SET CHARACTER_SET_CLIENT=@OLD_CHARACTER_SET_CLIENT */;
/*!40101 SET CHARACTER_SET_RESULTS=@OLD_CHARACTER_SET_RESULTS */;
/*!40101 SET COLLATION_CONNECTION=@OLD_COLLATION_CONNECTION */;
